"","bird_year","X","ID","UTM.X.1","UTM.Y.1","Ano","Encontrado","speciesOri","speciesComp","UTC_date","TERRITORY","Year","UTM_X","UTM_Y","Tree","atck_distance","juliano","Naci","dias_desde"
"1","ADVH_2021",112,"DES.A-21.07.19-VL-1",528328,4703698,2021,"SI","VL","VL","2021-07-19","Adevesa",2021,528116,4703915,"P.pinaster",303.369411773831,199,167,32
"2","ADVH_2021",12,"ADV.H-21.07.26-VL-1",529965,4703535,2021,"SI","VL","VL","2021-07-26","Adevesa",2021,528116,4703915,"P.pinaster",1887.64429911994,206,167,39
"3","ADVH_2021",388,"ADV.H_21.08.02_VL_1.1",529906,4703724,2021,"NO","VL","VL","2021-08-02","Adevesa",2021,528116,4703915,"P.pinaster",1800.16138165443,213,167,46
"4","ADVH_2021",106,"ADV.H-21.08.15-NP-1",525719,4703857,2021,"SI","NP","VL","2021-08-15","Adevesa",2021,528116,4703915,"P.pinaster",2397.70160779026,226,167,59
"5","ADVH_2021",390,"ADV.H_21.08.05_VL_1.1",530358,4703191,2021,"NO","VL","VL","2021-08-05","Adevesa",2021,528116,4703915,"P.pinaster",2356.00084889628,216,167,49
"6","ADVH_2021",386,"ADV.H_21.08.07_VL_1.1",527249,4703894,2021,"NO","VL","VL","2021-08-07","Adevesa",2021,528116,4703915,"P.pinaster",867.254287968644,218,167,51
"7","ADVH_2021",85,"ADV.H-21.08.08-NS-1",529221,4704503,2021,"SI","NS","VL","2021-08-08","Adevesa",2021,528116,4703915,"P.pinaster",1251.70643523152,219,167,52
"8","ADVH_2021",389,"ADV.H_21.08.10_VL_1",530333,4703471,2021,"NO","VL","VL","2021-08-10","Adevesa",2021,528116,4703915,"P.pinaster",2261.02299855618,221,167,54
"9","ADVH_2021",100,"ADV.H-21.08.03-VL-1.1",529803,4704071,2021,"SI","VL","VL","2021-08-03","Adevesa",2021,528116,4703915,"P.pinaster",1694.19745012203,214,167,47
"10","BUEM_2022",131,"BUE.M-22.08.03-VL-1",518255,4695963,2022,"SI","VL","VL","2022-08-03","Buezas",2022,517104,4696552,"E.globulus",1292.95088847179,214,170,44
"11","BUEM_2022",132,"BUE.M-22.08.05-VL-1",518372,4696136,2022,"SI","VL","VL","2022-08-05","Buezas",2022,517104,4696552,"E.globulus",1334.49615960482,216,170,46
"12","BUEM_2022",419,"BUE.M-22.07.10-VL-1.1",517881.984,4695527.979,2022,"NO","VL","VL","2022-07-10","Buezas",2022,517104,4696552,"E.globulus",1286.03192522442,190,170,20
"13","BUEM_2022",420,"BUE.M-22.07.13-VL-1",516753.994,4697238.052,2022,"NO","VL","VL","2022-07-13","Buezas",2022,517104,4696552,"E.globulus",770.176308867126,193,170,23
"14","BUEM_2022",431,"BUE.M-22.07.11-VL-1",518070.993,4695557.002,2022,"NO","VL","VL","2022-07-11","Buezas",2022,517104,4696552,"E.globulus",1387.47846183369,191,170,21
"15","BUEM_2022",432,"BUE.M-22.07.11-VL-2",518159.001,4695474.951,2022,"NO","VL","VL","2022-07-11","Buezas",2022,517104,4696552,"E.globulus",1507.66762199141,191,170,21
"16","BUEM_2022",433,"BUE.M-22.07.12-VL-1",518779.023,4693475.026,2022,"NO","VL","VL","2022-07-12","Buezas",2022,517104,4696552,"E.globulus",3503.35140218725,192,170,22
"17","BUEM_2022",445,"BUE.M-22.07.23-VL-1",516714.026,4697198.982,2022,"NO","VL","VL","2022-07-23","Buezas",2022,517104,4696552,"E.globulus",755.42400610504,203,170,33
"18","BUEM_2022",450,"BUE.M-22.07.30-VL-1.1",518565.036,4697468.037,2022,"NO","VL","VL","2022-07-30","Buezas",2022,517104,4696552,"E.globulus",1724.45642991182,210,170,40
"19","BUEM_2022",452,"BUE.M-22.08.02-VL-1.1",515494.734,4697348.182,2022,"NO","VL","VL","2022-08-02","Buezas",2022,517104,4696552,"E.globulus",1795.45059410724,213,170,43
"20","BUEM_2022",453,"BUE.M-22.08.02-VL-2.2",515449.371,4697848.64,2022,"NO","VL","VL","2022-08-02","Buezas",2022,517104,4696552,"E.globulus",2102.15898952486,213,170,43
"21","BUEM_2022",454,"BUE.M-22.08.03-VL-1.1",518148.7,4695766.065,2022,"NO","VL","VL","2022-08-03","Buezas",2022,517104,4696552,"E.globulus",1307.3224216789,214,170,44
"22","BUEM_2022",457,"BUE.M-22.08.06-VL-1.1",517898.279,4696265.755,2022,"NO","VL","VL","2022-08-06","Buezas",2022,517104,4696552,"E.globulus",844.283915437238,217,170,47
"23","BUEM_2022",138,"BUE.M-22.08.09-VL-1",517312,4697003,2022,"SI","VL","VL","2022-08-09","Buezas",2022,517104,4696552,"E.globulus",496.653802965406,220,170,50
"24","BUEM_2022",139,"BUE.M-22.08.10-VL-1",517422,4695838,2022,"SI","VL","VL","2022-08-10","Buezas",2022,517104,4696552,"E.globulus",781.613715335139,221,170,51
"25","BUEM_2022",140,"BUE.M-22.08.11-VL-1",513232,4693193,2022,"SI","VL","VL","2022-08-11","Buezas",2022,517104,4696552,"E.globulus",5125.94040152634,222,170,52
"26","BUEM_2022",141,"BUE.M-22.08.11-VL-2",518337,4697256,2022,"SI","VL","VL","2022-08-11","Buezas",2022,517104,4696552,"E.globulus",1419.8256935272,222,170,52
"27","BUEM_2022",143,"BUE.M-22.08.12-VL-1",517649,4696309,2022,"SI","VL","VL","2022-08-12","Buezas",2022,517104,4696552,"E.globulus",596.719364525738,223,170,53
"28","BUEM_2022",144,"BUE.M-22.08.12-VL-1",517649,4696309,2022,"SI","VL","VL","2022-08-12","Buezas",2022,517104,4696552,"E.globulus",596.719364525738,223,170,53
"29","BUEM_2022",145,"BUE.M-22.08.13-VL-2",517099,4696708,2022,"SI","VL","VL","2022-08-13","Buezas",2022,517104,4696552,"E.globulus",156.080107637072,224,170,54
"30","BUEM_2022",148,"BUE.M-22.08.17-VL-1",517099,4696309,2022,"SI","VL","VL","2022-08-17","Buezas",2022,517104,4696552,"E.globulus",243.051434885705,228,170,58
"31","BUEM_2022",461,"BUE.M-22.08.10-VL-1.1",517310.38,4695624.142,2022,"NO","VL","VL","2022-08-10","Buezas",2022,517104,4696552,"E.globulus",950.533099141748,221,170,51
"32","BUEM_2022",462,"BUE.M-22.08.13-VL-1.1",516758.195,4696824.113,2022,"NO","VL","VL","2022-08-13","Buezas",2022,517104,4696552,"E.globulus",440.030206683517,224,170,54
"33","BUEM_2022",464,"BUE.M-22.08.17-VL-2.1",518885.304,4696573.485,2022,"NO","VL","VL","2022-08-17","Buezas",2022,517104,4696552,"E.globulus",1781.43356475649,228,170,58
"34","BUEM_2022",458,"BUE.M-22.08.07-VL-1.1",518269.456,4695935.157,2022,"NO","VL","VL","2022-08-07","Buezas",2022,517104,4696552,"E.globulus",1318.62920284113,218,170,48
"35","CASH_2022",153,"CAS.H-22.07.14-VL-1",522647,4687522,2022,"SI","VL","VL","2022-07-14","Castelo",2022,521860,4687461,"E.globulus",789.360500658603,194,171,23
"36","CASH_2022",469,"CAS.H-22.07.31-VL-2",519911.966,4684001.958,2022,"NO","VL","VL","2022-07-31","Castelo",2022,521860,4687461,"E.globulus",3969.8624690186,211,171,40
"37","CASH_2022",468,"CAS.H-22.07.31-VL-1",521929.981,4687290.987,2022,"NO","VL","VL","2022-07-31","Castelo",2022,521860,4687461,"E.globulus",183.852551056805,211,171,40
"38","CASH_2022",467,"CAS.H-22.07.24-VL-1.1",522403.957,4688152.355,2022,"NO","VL","VL","2022-07-24","Castelo",2022,521860,4687461,"E.globulus",879.693670475474,204,171,33
"39","CASM_2022",168,"CAS.M-22.07.30-VL-1",522372,4687917,2022,"SI","VL","VL","2022-07-30","Castelo",2022,521860,4687461,"E.globulus",685.623803554107,210,171,39
"40","CASM_2022",490,"CAS.M-22.08.02-VL-1",522850.884,4687978.138,2022,"NO","VL","VL","2022-08-02","Castelo",2022,521860,4687461,"E.globulus",1117.71320673074,213,171,42
"41","CASM_2022",491,"CAS.M-22.08.02-VL-2.1",522662.653,4687625.54,2022,"NO","VL","VL","2022-08-02","Castelo",2022,521860,4687461,"E.globulus",819.344402561583,213,171,42
"42","CASM_2022",162,"CAS.M-22.07.21-VL-1",522092,4686903,2022,"SI","VL","VL","2022-07-21","Castelo",2022,521860,4687461,"E.globulus",604.307868557079,201,171,30
"43","CASM_2022",163,"CAS.M-22.07.23-VL-1",521321,4687043,2022,"SI","VL","VL","2022-07-23","Castelo",2022,521860,4687461,"E.globulus",682.08870390881,203,171,32
"44","CASM_2022",160,"CAS.M-22.07.15-VL-1",522151,4687334,2022,"SI","VL","VL","2022-07-15","Castelo",2022,521860,4687461,"E.globulus",317.505905456891,195,171,24
"45","CASM_2022",473,"CAS.M-22.07.16-VL-1",521578.976,4687581.036,2022,"NO","VL","VL","2022-07-16","Castelo",2022,521860,4687461,"E.globulus",305.586534179865,196,171,25
"46","CASM_2022",164,"CAS.M-22.07.26-VL-1",522301,4689012,2022,"SI","VL","VL","2022-07-26","Castelo",2022,521860,4687461,"E.globulus",1612.47697657982,206,171,35
"47","CASM_2022",476,"CAS.M-22.07.17-VL-1",522430.964,4686946.028,2022,"NO","VL","VL","2022-07-17","Castelo",2022,521860,4687461,"E.globulus",768.892742897242,197,171,26
"48","CASM_2022",161,"CAS.M-22.07.20-VL-1",521919,4686793,2022,"SI","VL","VL","2022-07-20","Castelo",2022,521860,4687461,"E.globulus",670.600477184441,200,171,29
"49","CASM_2022",176,"DES.A-22.08.01-VL-1",521425,4687897,2022,"SI","VL","VL","2022-08-01","Castelo",2022,521860,4687461,"E.globulus",615.890412329986,212,171,41
"50","CASM_2022",471,"CAS.M-22.07.13-VL-1.1",522358.973,4686942.022,2022,"NO","VL","VL","2022-07-13","Castelo",2022,521860,4687461,"E.globulus",719.93903853946,193,171,22
"51","CASM_2022",485,"CAS.M-22.07.29-VL-1.1",521159.012,4687694.012,2022,"NO","VL","VL","2022-07-29","Castelo",2022,521860,4687461,"E.globulus",738.700729854835,209,171,38
"52","CASM_2022",486,"CAS.M-22.07.31-VL-1",521478.968,4687636.025,2022,"NO","VL","VL","2022-07-31","Castelo",2022,521860,4687461,"E.globulus",419.307924620004,211,171,40
"53","CASM_2022",487,"CAS.M-22.08.01-VL-1.1",522459.281,4687107.343,2022,"NO","VL","VL","2022-08-01","Castelo",2022,521860,4687461,"E.globulus",695.852707553674,212,171,41
"54","CASM_2022",488,"CAS.M-22.08.01-VL-2",521712.954,4687995.172,2022,"NO","VL","VL","2022-08-01","Castelo",2022,521860,4687461,"E.globulus",554.041741839243,212,171,41
"55","CASM_2022",489,"CAS.M-22.08.01-VL-2.2",521703.512,4688011.798,2022,"NO","VL","VL","2022-08-01","Castelo",2022,521860,4687461,"E.globulus",572.596656424453,212,171,41
"56","CASM_2022",477,"CAS.M-22.07.18-VL-1.1",522343.927,4686674.154,2022,"NO","VL","VL","2022-07-18","Castelo",2022,521860,4687461,"E.globulus",923.748866870684,198,171,27
"57","CASM_2022",172,"DES.A-22.07.18-VL-1",522578,4687817,2022,"SI","VL","VL","2022-07-18","Castelo",2022,521860,4687461,"E.globulus",801.411255224183,198,171,27
"58","CASM_2022",483,"CAS.M-22.07.25-VL-1",521220.253,4687355.313,2022,"NO","VL","VL","2022-07-25","Castelo",2022,521860,4687461,"E.globulus",648.418048775595,205,171,34
"59","CASM_2022",493,"CAS.M-22.08.05-VL-1.1",521221.03,4686500.113,2022,"NO","VL","VL","2022-08-05","Castelo",2022,521860,4687461,"E.globulus",1153.94388410753,216,171,45
"60","CASM_2022",481,"CAS.M-22.07.20-VL-3.1",522487.314,4688049.913,2022,"NO","VL","VL","2022-07-20","Castelo",2022,521860,4687461,"E.globulus",860.430924691038,200,171,29
"61","CASM_2022",474,"CAS.M-22.07.16-VL-2.1",522488.966,4687611.989,2022,"NO","VL","VL","2022-07-16","Castelo",2022,521860,4687461,"E.globulus",646.835301508071,196,171,25
"62","CASM_2022",494,"CAS.M-22.08.05-VL-2.1",522479.359,4687371.342,2022,"NO","VL","VL","2022-08-05","Castelo",2022,521860,4687461,"E.globulus",625.814771194292,216,171,45
"63","CASM_2022",492,"CAS.M-22.08.03-VL-1.1",521872.43,4687096.049,2022,"NO","VL","VL","2022-08-03","Castelo",2022,521860,4687461,"E.globulus",365.162617612011,214,171,43
"64","CASM_2022",480,"CAS.M-22.07.20-VL-2",522531.91,4688449.123,2022,"NO","VL","VL","2022-07-20","Castelo",2022,521860,4687461,"E.globulus",1194.92682254116,200,171,29
"65","EMBH_2021",2,"EMB.H-21.07.10-VL-1",526708,4691518,2021,"SI","VL","VL","2021-07-10","Embudo",2021,526059,4691782,"E.globulus",700.640421328944,190,171,19
"66","EMBH_2021",16,"EMB.H-21.07.28-VL-2",526575,4690968,2021,"SI","VL","VL","2021-07-28","Embudo",2021,526059,4691782,"E.globulus",963.769682029892,208,171,37
"67","EMBH_2021",379,"EMB.H_21.08.11_VL_1.1",525665,4691196,2021,"NO","VL","VL","2021-08-11","Embudo",2021,526059,4691782,"E.globulus",706.138796554898,222,171,51
"68","EMBH_2021",327,"EMB.H_21.07.26_VL_1.2",524598,4692128,2021,"NO","VL","VL","2021-07-26","Embudo",2021,526059,4691782,"E.globulus",1501.41166906349,206,171,35
"69","EMBH_2021",330,"EMB.H_21.08.01_VL_2.1",526186,4691152,2021,"NO","VL","VL","2021-08-01","Embudo",2021,526059,4691782,"E.globulus",642.673322925419,212,171,41
"70","EMBH_2021",373,"EMB.H_21.07.28_VL_1",526329,4690415,2021,"NO","VL","VL","2021-07-28","Embudo",2021,526059,4691782,"E.globulus",1393.40912871992,208,171,37
"71","EMBH_2021",320,"EMB.H_21.07.10_VL_2",526847,4691021,2021,"NO","VL","VL","2021-07-10","Embudo",2021,526059,4691782,"E.globulus",1095.47478291378,190,171,19
"72","EMBH_2021",79,"EMB.H-21.08.17-VL-1.1",525921,4691454,2021,"SI","VL","VL","2021-08-17","Embudo",2021,526059,4691782,"E.globulus",355.848282277715,228,171,57
"73","EMBH_2021",29,"EMB.H-21.08.03-VL-1.1",527780,4691387,2021,"SI","VL","VL","2021-08-03","Embudo",2021,526059,4691782,"E.globulus",1765.74800014045,214,171,43
"74","EMBH_2021",318,"EMB.H_21.07.12_VL_1.1",526559,4691043,2021,"NO","VL","VL","2021-07-12","Embudo",2021,526059,4691782,"E.globulus",892.256129146783,192,171,21
"75","EMBH_2021",383,"EMB.H_21.08.16_VL_1.1",526477,4691053,2021,"NO","VL","VL","2021-08-16","Embudo",2021,526059,4691782,"E.globulus",840.336242226884,227,171,56
"76","EMBH_2021",319,"EMB.H_21.07.11_VL_1",526718,4690974,2021,"NO","VL","VL","2021-07-11","Embudo",2021,526059,4691782,"E.globulus",1042.66245736576,191,171,20
"77","EMBH_2021",353,"EMB.H_21.08.02_VL_1.1",525849,4691062,2021,"NO","VL","VL","2021-08-02","Embudo",2021,526059,4691782,"E.globulus",750,213,171,42
"78","EMBH_2021",391,"EMB.H_21.08.21_VL_1.1",526386,4692330,2021,"NO","VL","VL","2021-08-21","Embudo",2021,526059,4691782,"E.globulus",638.148101932459,232,171,61
"79","EMBH_2021",90,"EMB.H-21.08.20-VL-1.1",526880,4691422,2021,"SI","VL","VL","2021-08-20","Embudo",2021,526059,4691782,"E.globulus",896.460261249767,231,171,60
"80","EMBH_2021",331,"EMB.H_21.08.01_VL_1.1",526272,4691193,2021,"NO","VL","VL","2021-08-01","Embudo",2021,526059,4691782,"E.globulus",626.330583637746,212,171,41
"81","EMBH_2021",321,"EMB.H_21.07.09_VL_1",526580,4691402,2021,"NO","VL","VL","2021-07-09","Embudo",2021,526059,4691782,"E.globulus",644.857348566332,189,171,18
"82","EMBH_2022",557,"SEI.H-22.07.11-VL.2",522765.978,4690354.054,2022,"NO","VL","VL","2022-07-11","Seixo",2022,522765,4691090,"A.glutinosa",735.946649833179,191,175,16
"83","EMBH_2022",279,"SEI.H-22.07.24-VL-1",525114,4688651,2022,"SI","VL","VL","2022-07-24","Seixo",2022,522765,4691090,"A.glutinosa",3386.22533213606,204,175,29
"84","EMBH_2022",284,"SEI.H-22.08.08-VL-1",522776,4691849,2022,"SI","VL","VL","2022-08-08","Seixo",2022,522765,4691090,"A.glutinosa",759.079705959789,219,175,44
"85","OCOH_2022",495,"OCO.H-22.07.19-VL-1",524715.138,4717498.249,2022,"NO","VL","VL","2022-07-19","Ocoroto",2022,521603,4717300,"E.globulus",3118.44602278846,199,179,20
"86","OCOH_2022",496,"OCO.H-22.07.20-VL-1.1",520275.736,4718132.014,2022,"NO","VL","VL","2022-07-20","Ocoroto",2022,521603,4717300,"E.globulus",1566.48556389543,200,179,21
"87","OCOH_2022",214,"OCO.H-22.08.31-VL-1",522047,4719998,2022,"SI","VL","VL","2022-08-31","Ocoroto",2022,521603,4717300,"E.globulus",2734.28967009715,242,179,63
"88","OCOH_2022",499,"OCO.H-22.07.28-VL-1",518216.01,4721467.998,2022,"NO","VL","VL","2022-07-28","Ocoroto",2022,521603,4717300,"E.globulus",5370.65252907886,208,179,29
"89","OCOH_2022",497,"OCO.H-22.07.26-VL-1",519615.882,4714486.181,2022,"NO","VL","VL","2022-07-26","Ocoroto",2022,521603,4717300,"E.globulus",3444.73733551425,206,179,27
"90","OCOH_2022",185,"DES.A-22.08.15-VL-1",523202,4715472,2022,"SI","VL","VL","2022-08-15","Ocoroto",2022,521603,4717300,"E.globulus",2428.65909505636,226,179,47
"91","OCOH_2022",194,"OCO.H-22.07.21-VL-1",522325,4716081,2022,"SI","VL","VL","2022-07-21","Ocoroto",2022,521603,4717300,"E.globulus",1416.77274112682,201,179,22
"92","OCOH_2022",197,"OCO.H-22.07.25-VL-1",520747,4714494,2022,"SI","VL","VL","2022-07-25","Ocoroto",2022,521603,4717300,"E.globulus",2933.66187554053,205,179,26
"93","OCOH_2022",199,"OCO.H-22.07.31-VL-2",518210,4722145,2022,"SI","VL","VL","2022-07-31","Ocoroto",2022,521603,4717300,"E.globulus",5914.93651698816,211,179,32
"94","OCOH_2022",207,"OCO.H-22.08.13-VL-1",523201,4715472,2022,"SI","VL","VL","2022-08-13","Ocoroto",2022,521603,4717300,"E.globulus",2428.00082372309,224,179,45
"95","OCOH_2022",208,"OCO.H-22.08.14-VL-1",523156,4715740,2022,"SI","VL","VL","2022-08-14","Ocoroto",2022,521603,4717300,"E.globulus",2201.22897491379,225,179,46
"96","OCOH_2022",211,"OCO.H-22.08.18-VL-1",522574,4715699,2022,"SI","VL","VL","2022-08-18","Ocoroto",2022,521603,4717300,"E.globulus",1872.44278951321,229,179,50
"97","OCOH_2022",506,"OCO.H-22.08.04-VL-1.1",523292.068,4716263.539,2022,"NO","VL","VL","2022-08-04","Ocoroto",2022,521603,4717300,"E.globulus",1981.71696090672,215,179,36
"98","OUTM_2021",13,"OUT.M-21.07.27-VL-1",524364,4667920,2021,"SI","VL","VL","2021-07-27","Outil",2021,523701,4668884,"P.pinaster",1169.98504263943,207,185,22
"99","OUTM_2021",109,"OUT.M-21.08.29-NS-1",523939,4671702,2021,"SI","NS","VL","2021-08-29","Outil",2021,523701,4668884,"P.pinaster",2828.0325316375,240,185,55
"100","OUTM_2021",81,"OUT.M-21.08.13-VL-1",522600,4670695,2021,"SI","VL","VL","2021-08-13","Outil",2021,523701,4668884,"P.pinaster",2119.4154854582,224,185,39
"101","OUTM_2021",59,"OUT.M-21.08.07-VL-2",523734,4670175,2021,"SI","VL","VL","2021-08-07","Outil",2021,523701,4668884,"P.pinaster",1291.42169720041,218,185,33
"102","OUTM_2021",114,"DES.A-21.08.02-VL-1",525034,4668158,2021,"SI","VL","VL","2021-08-02","Outil",2021,523701,4668884,"P.pinaster",1517.88174769973,213,185,28
"103","OUTM_2021",60,"OUT.M-21.08.08-VL-1",523736,4669291,2021,"SI","VL","VL","2021-08-08","Outil",2021,523701,4668884,"P.pinaster",408.502141977248,219,185,34
"104","OUTM_2021",333,"OUT.M_21.08.01_VL_1.1",523678,4669054,2021,"NO","VL","VL","2021-08-01","Outil",2021,523701,4668884,"P.pinaster",171.548826868621,212,185,27
"105","OUTM_2021",14,"OUT.M-21.07.27-VL-2",525672,4670992,2021,"SI","VL","VL","2021-07-27","Outil",2021,523701,4668884,"P.pinaster",2885.91493291123,207,185,22
"106","OUTM_2021",377,"OUT.M_21.08.07_VL_1.1",523581,4669954,2021,"NO","VL","VL","2021-08-07","Outil",2021,523701,4668884,"P.pinaster",1076.70794554512,218,185,33
"107","OUTM_2021",339,"OUT.M_21.08.02_VL_1.1",525268,4670572,2021,"NO","VL","VL","2021-08-02","Outil",2021,523701,4668884,"P.pinaster",2303.22230798505,213,185,28
"108","OUTM_2021",340,"OUT.M_21.08.02_VL_2.1",526240,4669931,2021,"NO","VL","VL","2021-08-02","Outil",2021,523701,4668884,"P.pinaster",2746.40310224118,213,185,28
"109","OUTM_2021",341,"OUT.M_21.07.29_VL_1.1",526062,4668191,2021,"NO","VL","VL","2021-07-29","Outil",2021,523701,4668884,"P.pinaster",2460.60358448898,209,185,24
"110","OUTM_2021",35,"OUT.M-21.08.06-VL-1",523669,4670103,2021,"SI","VL","VL","2021-08-06","Outil",2021,523701,4668884,"P.pinaster",1219.41994407177,217,185,32
"111","OUTM_2021",92,"OUT.M-21.08.17-NS-2",523715,4670154,2021,"SI","NS","VL","2021-08-17","Outil",2021,523701,4668884,"P.pinaster",1270.07716301018,228,185,43
"112","OUTM_2021",342,"OUT.M_21.07.26_VL_1",524198,4668696,2021,"NO","VL","VL","2021-07-26","Outil",2021,523701,4668884,"P.pinaster",531.368986674985,206,185,21
"113","OUTM_2021",93,"OUT.M-21.08.22-NS-1.1",523327,4668537,2021,"SI","NS","VL","2021-08-22","Outil",2021,523701,4668884,"P.pinaster",510.181340309502,233,185,48
"114","OUTM_2021",332,"OUT.M_21.07.30_VL_1.1",524968,4667983,2021,"NO","VL","VL","2021-07-30","Outil",2021,523701,4668884,"P.pinaster",1554.69932784445,210,185,25
"115","OUTM_2021",359,"OUT.M_21.08.03_VL_1.1",526815,4670247,2021,"NO","VL","VL","2021-08-03","Outil",2021,523701,4668884,"P.pinaster",3399.23005988121,214,185,29
"116","OUTM_2021",358,"OUT.M_21.08.06_VL_2.1",523511,4669093,2021,"NO","VL","VL","2021-08-06","Outil",2021,523701,4668884,"P.pinaster",282.455306199052,217,185,32
"117","OUTM_2022",516,"PAS.M-22.07.19-VL-1.1",522325.599,4668478.132,2022,"NO","VL","VL","2022-07-19","Pasaxe",2022,522155,4668137,"E.globulus",381.411929841141,199,176,23
"118","OUTM_2022",258,"PAS.M-22.08.19-VL-1",524323,4668816,2022,"SI","VL","VL","2022-08-19","Pasaxe",2022,522155,4668137,"E.globulus",2271.84176385592,230,176,54
"119","OUTM_2022",257,"PAS.M-22.08.18-VL-1",521607,4668686,2022,"SI","VL","VL","2022-08-18","Pasaxe",2022,522155,4668137,"E.globulus",775.696461252725,229,176,53
"120","OUTM_2022",518,"PAS.M-22.07.20-VL-1",522354.968,4668515.976,2022,"NO","VL","VL","2022-07-20","Pasaxe",2022,522155,4668137,"E.globulus",428.497385756132,200,176,24
"121","OUTM_2022",517,"PAS.M-22.07.19-VL-2",526127.901,4669715.348,2022,"NO","VL","VL","2022-07-19","Pasaxe",2022,522155,4668137,"E.globulus",4274.94149257102,199,176,23
"122","OUTM_2022",255,"PAS.M-22.08.17-VL-1",524317,4669581,2022,"SI","VL","VL","2022-08-17","Pasaxe",2022,522155,4668137,"E.globulus",2599.8807664968,228,176,52
"123","OUTM_2022",231,"PAS.M-22.08.02-VL-1",522130,4667700,2022,"SI","VL","VL","2022-08-02","Pasaxe",2022,522155,4668137,"E.globulus",437.714518836193,213,176,37
"124","OUTM_2022",515,"PAS.M-22.07.18-VL-1",520967.29,4668572.67,2022,"NO","VL","VL","2022-07-18","Pasaxe",2022,522155,4668137,"E.globulus",1265.09422297313,198,176,22
"125","OUTM_2022",233,"PAS.M-22.08.04-VL-1",521452,4668617,2022,"SI","VL","VL","2022-08-04","Pasaxe",2022,522155,4668137,"E.globulus",851.239684225307,215,176,39
"126","OUTM_2022",234,"PAS.M-22.08.04-VL-2",521489,4668749,2022,"SI","VL","VL","2022-08-04","Pasaxe",2022,522155,4668137,"E.globulus",904.48880590088,215,176,39
"127","OUTM_2022",519,"PAS.M-22.07.21-VL-1.1",523754.29,4669521.188,2022,"NO","VL","VL","2022-07-21","Pasaxe",2022,522155,4668137,"E.globulus",2115.11345403601,201,176,25
"128","OUTM_2022",523,"PAS.M-22.07.23-VL-1",522180.011,4668177.994,2022,"NO","VL","VL","2022-07-23","Pasaxe",2022,522155,4668137,"E.globulus",48.0214343496282,203,176,27
"129","OUTM_2022",535,"PAS.M-22.08.16-VL-2.1",522621.613,4667894.041,2022,"NO","VL","VL","2022-08-16","Pasaxe",2022,522155,4668137,"E.globulus",526.076769540258,227,176,51
"130","OUTM_2022",524,"PAS.M-22.07.24-VL-1.1",523602.935,4667440.244,2022,"NO","VL","VL","2022-07-24","Pasaxe",2022,522155,4668137,"E.globulus",1606.85552796792,204,176,28
"131","OUTM_2022",525,"PAS.M-22.07.24-VL-3.1",526372.134,4669973.301,2022,"NO","VL","VL","2022-07-24","Pasaxe",2022,522155,4668137,"E.globulus",4599.5891704104,204,176,28
"132","OUTM_2022",526,"PAS.M-22.07.25-VL.1.1",527079.586,4669790.002,2022,"NO","VL","VL","2022-07-25","Pasaxe",2022,522155,4668137,"E.globulus",5194.60902122587,205,176,29
"133","OUTM_2022",528,"PAS.M-22.07.28-VL-1.1",525288.009,4668584.957,2022,"NO","VL","VL","2022-07-28","Pasaxe",2022,522155,4668137,"E.globulus",3164.8713825257,208,176,32
"134","OUTM_2022",529,"PAS.M-22.07.30-VL-1.1",523745.012,4669455.98,2022,"NO","VL","VL","2022-07-30","Pasaxe",2022,522155,4668137,"E.globulus",2065.87666634413,210,176,34
"135","OUTM_2022",530,"PAS.M-22.08.01-VL-1.1",523488.733,4670027.722,2022,"NO","VL","VL","2022-08-01","Pasaxe",2022,522155,4668137,"E.globulus",2313.80063889983,212,176,36
"136","OUTM_2022",235,"PAS.M-22.08.05-VL-1",522497,4667482,2022,"SI","VL","VL","2022-08-05","Pasaxe",2022,522155,4668137,"E.globulus",738.91068472448,216,176,40
"137","OUTM_2022",224,"PAS.M-22.07.24-VL-2",523893,4667722,2022,"SI","VL","VL","2022-07-24","Pasaxe",2022,522155,4668137,"E.globulus",1786.86009525088,204,176,28
"138","OUTM_2022",536,"PAS.M-22.08.17-VL-2.1",521358.072,4668543.198,2022,"NO","VL","VL","2022-08-17","Pasaxe",2022,522155,4668137,"E.globulus",894.47808938392,228,176,52
"139","OUTM_2022",217,"PAS.M-22.07.13-VL-1",525186,4668242,2022,"SI","VL","VL","2022-07-13","Pasaxe",2022,522155,4668137,"E.globulus",3032.8181613806,193,176,17
"140","OUTM_2022",259,"PAS.M-22.08.20-VL-1",523751,4669039,2022,"SI","VL","VL","2022-08-20","Pasaxe",2022,522155,4668137,"E.globulus",1833.25393767476,231,176,55
"141","OUTM_2022",532,"PAS.M-22.08.02-VL-2.1",521262.156,4668658.938,2022,"NO","VL","VL","2022-08-02","Pasaxe",2022,522155,4668137,"E.globulus",1034.20969062374,213,176,37
"142","OUTM_2022",251,"PAS.M-22.08.14-VL-1",527587,4673201,2022,"SI","VL","VL","2022-08-14","Pasaxe",2022,522155,4668137,"E.globulus",7426.35307536613,225,176,49
"143","OUTM_2022",252,"PAS.M-22.08.15-VL-1",524503,4669222,2022,"SI","VL","VL","2022-08-15","Pasaxe",2022,522155,4668137,"E.globulus",2586.56702986797,226,176,50
"144","OUTM_2022",228,"PAS.M-22.07.29-VL-1",524932,4667355,2022,"SI","VL","VL","2022-07-29","Pasaxe",2022,522155,4668137,"E.globulus",2885.00485268223,209,176,33
"145","OUTM_2022",513,"PAS.M-22.07.17-VL-1",526064.991,4669776.961,2022,"NO","VL","VL","2022-07-17","Pasaxe",2022,522155,4668137,"E.globulus",4239.98840819202,197,176,21
"146","OUTM_2022",248,"PAS.M-22.08.13-VL-1",523793,4667592,2022,"SI","VL","VL","2022-08-13","Pasaxe",2022,522155,4668137,"E.globulus",1726.28763536092,224,176,48
"147","OUTM_2022",223,"PAS.M-22.07.20-VL-4",526020,4670274,2022,"SI","VL","VL","2022-07-20","Pasaxe",2022,522155,4668137,"E.globulus",4416.44585611553,200,176,24
"148","OUTM_2022",243,"PAS.M-22.08.11-VL-1",527213,4672714,2022,"SI","VL","VL","2022-08-11","Pasaxe",2022,522155,4668137,"E.globulus",6821.45827517841,222,176,46
"149","OUTM_2022",242,"PAS.M-22.08.09-VL-1",521284,4669040,2022,"SI","VL","VL","2022-08-09","Pasaxe",2022,522155,4668137,"E.globulus",1254.61149365052,220,176,44
"150","OUTM_2022",220,"PAS.M-22.07.16-VL-1",522315,4668738,2022,"SI","VL","VL","2022-07-16","Pasaxe",2022,522155,4668137,"E.globulus",621.933276163931,196,176,20
"151","OUTM_2022",244,"PAS.M-22.08.12-VL-1",525914,4668188,2022,"SI","VL","VL","2022-08-12","Pasaxe",2022,522155,4668137,"E.globulus",3759.34595375313,223,176,47
"152","OUTM_2022",219,"PAS.M-22.07.14-VL-1",523159,4666761,2022,"SI","VL","VL","2022-07-14","Pasaxe",2022,522155,4668137,"E.globulus",1703.34729283256,194,176,18
"153","OUTM_2022",537,"PAS.M.22.07.20-VL-2",525048.965,4668166.951,2022,"NO","VL","VL","2022-07-20","Pasaxe",2022,522155,4668137,"E.globulus",2894.11998431748,200,176,24
"154","OUTM_2022",221,"PAS.M-22.07.17-VL-3",525551,4670316,2022,"SI","VL","VL","2022-07-17","Pasaxe",2022,522155,4668137,"E.globulus",4034.95439875099,197,176,21
"155","OUTM_2022",249,"PAS.M-22.08.13-VL-2",526517,4670622,2022,"SI","VL","VL","2022-08-13","Pasaxe",2022,522155,4668137,"E.globulus",5020.18615192704,224,176,48
"156","OUTM_2022",222,"PAS.M-22.07.20-VL-3",523613,4670236,2022,"SI","VL","VL","2022-07-20","Pasaxe",2022,522155,4668137,"E.globulus",2555.69266540404,200,176,24
"157","OUTM_2022",514,"PAS.M-22.07.17-VL-2",525975.969,4669797.951,2022,"NO","VL","VL","2022-07-17","Pasaxe",2022,522155,4668137,"E.globulus",4166.36080091049,197,176,21
"158","OUTM_2022",512,"PAS.M-22.07.16-VL-2",522313,4668491.971,2022,"NO","VL","VL","2022-07-16","Pasaxe",2022,522155,4668137,"E.globulus",388.546536261657,196,176,20
"159","OUTM_2022",226,"PAS.M-22.07.27-VL-1",527224,4670052,2022,"SI","VL","VL","2022-07-27","Pasaxe",2022,522155,4668137,"E.globulus",5418.6701320527,207,176,31
"160","OUTM_2022",531,"PAS.M-22.08.01-VL-2.1",522067.763,4669098.108,2022,"NO","VL","VL","2022-08-01","Pasaxe",2022,522155,4668137,"E.globulus",965.059004327206,212,176,36
"161","OUTM_2022",510,"PAS.M-22.07.13-VL-2",525135.026,4668239.984,2022,"NO","VL","VL","2022-07-13","Pasaxe",2022,522155,4668137,"E.globulus",2981.80493408468,193,176,17
"162","OUTM_2022",584,"PAS.M-22.08.21-VL-1.1",523573.66,4668659.96,2022,"NO","VL","VL","2022-08-21","Pasaxe",2022,522155,4668137,"E.globulus",1511.97994603099,232,176,56
"163","RIOH_2021",30,"RTR.H-21.07.31-VL-1",523958,4689789,2021,"SI","VL","VL","2021-07-31","RioTruchas",2021,523955,4689905,"E.globulus",116.038786618958,211,180,31
"164","RIOH_2021",357,"RTR.H_21.08.04_VL_1.3",522295,4689989,2021,"NO","VL","VL","2021-08-04","RioTruchas",2021,523955,4689905,"E.globulus",1662.12394243029,215,180,35
"165","RIOH_2021",62,"RTR.H-21.08.09-VL-1.1",522257,4690199,2021,"SI","VL","VL","2021-08-09","RioTruchas",2021,523955,4689905,"E.globulus",1723.2643442026,220,180,40
"166","RIOH_2021",356,"RTR.H_21.08.04_VL_1.1",522303,4690007,2021,"NO","VL","VL","2021-08-04","RioTruchas",2021,523955,4689905,"E.globulus",1655.14591501777,215,180,35
"167","RIOH_2021",124,"DES.A-21.08.23-VL-1",526083,4688993,2021,"SI","VL","VL","2021-08-23","RioTruchas",2021,523955,4689905,"E.globulus",2315.19502418263,234,180,54
"168","RIOH_2021",119,"DES.A-21.08.14-VL-1",523167,4687001,2021,"SI","VL","VL","2021-08-14","RioTruchas",2021,523955,4689905,"E.globulus",3009.01312725618,225,180,45
"169","RIOH_2021",121,"DES.A-21.08.19-VL-1",522947,4690518,2021,"SI","VL","VL","2021-08-19","RioTruchas",2021,523955,4689905,"E.globulus",1179.75972129921,230,180,50
"170","SEIM_2022",295,"SEI.M-22.07.28-VL-1",522476,4689445,2022,"SI","VL","VL","2022-07-28","Seixo",2022,522765,4691090,"A.glutinosa",1670.19340197475,208,175,33
"171","SEIM_2022",290,"SEI.M-22.07.15-VL-1",523304,4691028,2022,"SI","VL","VL","2022-07-15","Seixo",2022,522765,4691090,"A.glutinosa",542.554144763451,195,175,20
"172","SEIM_2022",315,"DES.A-22.09.03-VL-1",527993,4695853,2022,"SI","VL","VL","2022-09-03","Seixo",2022,522765,4691090,"A.glutinosa",7072.35130631956,245,175,70
"173","SEIM_2022",564,"SEI.M-22.07.15-VL-2.1",523192.196,4690624.941,2022,"NO","VL","VL","2022-07-15","Seixo",2022,522765,4691090,"A.glutinosa",631.48736796339,195,175,20
"174","SEIM_2022",568,"SEI.M-22.07.21-VL-1.1",524069.615,4689547.065,2022,"NO","VL","VL","2022-07-21","Seixo",2022,522765,4691090,"A.glutinosa",2020.56148445147,201,175,26
"175","SEIM_2022",570,"SEI.M-22.07.24-VL-1.1",522796.259,4690309.96,2022,"NO","VL","VL","2022-07-24","Seixo",2022,522765,4691090,"A.glutinosa",780.666078858983,204,175,29
"176","SEIM_2022",291,"SEI.M-22.07.16-VL-1",523382,4688476,2022,"SI","VL","VL","2022-07-16","Seixo",2022,522765,4691090,"A.glutinosa",2685.83041162319,196,175,21
"177","SEIM_2022",563,"SEI.M-22.07.14-VL-1",523627.012,4689606.961,2022,"NO","VL","VL","2022-07-14","Seixo",2022,522765,4691090,"A.glutinosa",1715.36274987671,194,175,19
"178","SEIM_2022",297,"SEI.M-22.08.02-VL-1",523156,4689896,2022,"SI","VL","VL","2022-08-02","Seixo",2022,522765,4691090,"A.glutinosa",1256.39046478394,213,175,38
"179","SEIM_2022",571,"SEI.M-22.07.25-VL-1.1",522738.591,4690318.544,2022,"NO","VL","VL","2022-07-25","Seixo",2022,522765,4691090,"A.glutinosa",771.907892962215,205,175,30
"180","TANH_2021",351,"TAN.H_21.07.14_VL_4",517274,4701371,2021,"NO","VL","VL","2021-07-14","Tanoira",2021,517300,4702511,"E.globulus",1140.29645268237,194,169,25
"181","TANH_2021",325,"TAN.H_21.07.11_VL_1",518120,4700882,2021,"NO","VL","VL","2021-07-11","Tanoira",2021,517300,4702511,"E.globulus",1823.74367716519,191,169,22
"182","TANM_2021",352,"TAN.M_21.08.04_VL_1.1",516888,4702595,2021,"NO","VL","VL","2021-08-04","Tanoira",2021,517300,4702511,"E.globulus",420.475920832573,215,169,46
"183","TANM_2021",102,"TAN.M-21.08.22-NS-1.2",516121,4702282,2021,"SI","NS","VL","2021-08-22","Tanoira",2021,517300,4702511,"E.globulus",1201.03372142501,233,169,64
"184","TANM_2021",99,"TAN.M-21.08.25-NP-2",517781,4701099,2021,"SI","NP","VL","2021-08-25","Tanoira",2021,517300,4702511,"E.globulus",1491.67858468237,236,169,67
"185","TANM_2021",4,"TAN.M-21.07.12-VL-1",517624,4705255,2021,"SI","VL","VL","2021-07-12","Tanoira",2021,517300,4702511,"E.globulus",2763.06206951635,192,169,23
"186","TANM_2021",3,"TAN.M-21.07.12-VL-3",518680,4702067,2021,"SI","VL","VL","2021-07-12","Tanoira",2021,517300,4702511,"E.globulus",1449.66754809508,192,169,23
"187","TANM_2021",326,"TAN.M_21.07.11_VL_1",518790,4701628,2021,"NO","VL","VL","2021-07-11","Tanoira",2021,517300,4702511,"E.globulus",1731.98989604443,191,169,22
"188","TANM_2021",8,"TAN.M-21.07.15-VL-1",511420,4704223,2021,"SI","VL","VL","2021-07-15","Tanoira",2021,517300,4702511,"E.globulus",6124.16067718671,195,169,26
"189","TANM_2021",345,"TAN.M_21.07.23_VL_3",515583,4700804,2021,"NO","VL","VL","2021-07-23","Tanoira",2021,517300,4702511,"E.globulus",2421.14394450227,203,169,34
"190","TANM_2021",346,"TAN.M_21.07.21_VL_1",515647,4701491,2021,"NO","VL","VL","2021-07-21","Tanoira",2021,517300,4702511,"E.globulus",1942.37200350499,201,169,32
"191","TANM_2021",348,"TAN.M_21.07.29_VL_1",514425,4703851,2021,"NO","VL","VL","2021-07-29","Tanoira",2021,517300,4702511,"E.globulus",3171.94341059231,209,169,40
"192","TANM_2021",361,"TAN.M_21.07.28_VL_1",517432,4700966,2021,"NO","VL","VL","2021-07-28","Tanoira",2021,517300,4702511,"E.globulus",1550.62858222077,208,169,39
"193","TANM_2021",367,"TAN.M_21.08.07_VL_1.1",518103,4701767,2021,"NO","VL","VL","2021-08-07","Tanoira",2021,517300,4702511,"E.globulus",1094.68945368081,218,169,49
"194","TANM_2021",371,"TAN.M_21.07.24_VL_1.2",512885,4704830,2021,"NO","VL","VL","2021-07-24","Tanoira",2021,517300,4702511,"E.globulus",4986.98165226222,204,169,35
"195","TANM_2021",334,"TAN.M_21.07.31_VL_1",515841,4705788,2021,"NO","VL","VL","2021-07-31","Tanoira",2021,517300,4702511,"E.globulus",3587.11722696652,211,169,42
"196","TANM_2021",360,"TAN.M_21.07.30_VL_1",518568,4702208,2021,"NO","VL","VL","2021-07-30","Tanoira",2021,517300,4702511,"E.globulus",1303.69973536854,210,169,41
"197","TANM_2021",349,"TAN.M_21.07.12_VL_2.1",516510,4699942,2021,"NO","VL","VL","2021-07-12","Tanoira",2021,517300,4702511,"E.globulus",2687.72413018896,192,169,23
"198","TANM_2021",347,"TAN.M_21.07.25_VL_1",514425,4703851,2021,"NO","VL","VL","2021-07-25","Tanoira",2021,517300,4702511,"E.globulus",3171.94341059231,205,169,36
"199","TANM_2021",71,"TAN.M-21.08.15-VL-1",515600,4704688,2021,"SI","VL","VL","2021-08-15","Tanoira",2021,517300,4702511,"E.globulus",2762.12400156112,226,169,57
"200","TANM_2021",370,"TAN.M_21.07.24_VL_1.1",512963,4704854,2021,"NO","VL","VL","2021-07-24","Tanoira",2021,517300,4702511,"E.globulus",4929.42369856761,204,169,35
"201","TANM_2021",329,"TAN.M_21.07.27_VL_1",512291,4704127,2021,"NO","VL","VL","2021-07-27","Tanoira",2021,517300,4702511,"E.globulus",5263.22496194111,207,169,38
"202","TANM_2021",362,"TAN.M_21.07.29_VL_1",514405,4703871,2021,"NO","VL","VL","2021-07-29","Tanoira",2021,517300,4702511,"E.globulus",3198.53482082031,209,169,40
"203","TANM_2022",264,"PIC.M-22.07.02-NS-1",518261,4701117,2022,"SI","NS","VL","2022-07-02","Picon",2022,517900,4700915,"E.globulus",413.672575837461,182,170,12
"204","TANM_2022",265,"PIC.M-22.07.04-NS-1",516774,4698578,2022,"SI","NS","VL","2022-07-04","Picon",2022,517900,4700915,"E.globulus",2594.1173836201,184,170,14
"205","TANM_2022",270,"PIC.M-22.07.22-VL-1",518837,4701448,2022,"SI","VL","VL","2022-07-22","Picon",2022,517900,4700915,"E.globulus",1077.98794056334,202,170,32
"206","TANM_2022",263,"PIC.M-22.06.30-NS-1",517022,4700486,2022,"SI","NS","VL","2022-06-30","Picon",2022,517900,4700915,"E.globulus",977.202640192913,180,170,10
