"","Ave","Nombre_Nido","Distancia_Trampa","Fecha Instalacion","Orientacion Trampa","Horas totales de exposicion","Vespa velutina","Vespula vulgaris","Vespula germanica","Vespula","Periodo","TCVL","TCVP","TCV","Ano"
"1","Abejero","A Grela",0,"2020-07-18","Nido",155.91667,8,32,0,32,"2",0.0513094601817211,0.205237840726884,0.256547300908605,2020
"2","Abejero","A Grela",500,"2020-07-18","N",155.33333,7,16,0,16,"2",0.0450643776824034,0.103004291845493,0.148068669527897,2020
"3","Abejero","A Grela",500,"2020-07-18","SE",156.16667,21,11,0,11,"2",0.134471718249733,0.0704375667022411,0.204909284951974,2020
"4","Abejero","A Grela",500,"2020-07-18","SO",154.66667,27,32,1,33,"2",0.174568965517241,0.213362068965517,0.387931034482758,2020
"5","Abejero","A Grela",1000,"2020-07-18","NE",157.16667,40,1,0,1,"2",0.254506892895016,0.00636267232237539,0.260869565217391,2020
"6","Abejero","A Grela",1000,"2020-07-18","NO",162.00000,12,57,1,58,"2",0.0740740740740741,0.358024691358025,0.432098765432099,2020
"7","Abejero","A Grela",1000,"2020-07-18","S",156.66667,35,6,0,6,"2",0.223404255319149,0.0382978723404256,0.261702127659575,2020
"8","Abejero","Matadero",0,"2020-07-18","Nido",153.43333,42,24,0,24,"2",0.273734520964589,0.156419726265479,0.430154247230068,2020
"9","Abejero","Matadero",500,"2020-07-18","NO",152.25000,60,25,2,27,"2",0.394088669950739,0.177339901477833,0.571428571428571,2020
"10","Abejero","Matadero",500,"2020-07-18","O",163.00000,62,29,0,29,"2",0.38036809815951,0.177914110429448,0.558282208588958,2020
"11","Abejero","Matadero",500,"2020-07-18","SO",152.83333,31,28,0,28,"2",0.202835332606325,0.183206106870229,0.386041439476555,2020
"12","Abejero","Matadero",1000,"2020-07-18","E",153.83333,41,55,0,55,"2",0.266522210184182,0.357529794149512,0.624052004333694,2020
"13","Abejero","Matadero",1000,"2020-07-18","N",162.75000,45,34,0,34,"2",0.276497695852535,0.208909370199693,0.485407066052227,2020
"14","Abejero","Matadero",1000,"2020-07-18","SE",154.16667,19,18,0,18,"2",0.123243243243243,0.116756756756757,0.24,2020
"15","Abejero","Navalexo",0,"2020-07-18","Nido",160.33333,39,45,0,45,"2",0.243243243243244,0.280665280665281,0.523908523908525,2020
"16","Abejero","Navalexo",500,"2020-07-18","N",160.83333,21,57,0,57,"2",0.130569948186529,0.35440414507772,0.484974093264249,2020
"17","Abejero","Navalexo",500,"2020-07-18","SE",160.00000,42,77,0,77,"2",0.2625,0.481250000000001,0.743750000000001,2020
"18","Abejero","Navalexo",500,"2020-07-18","SO",161.10000,34,78,0,78,"2",0.21104903786468,0.484171322160149,0.695220360024829,2020
"19","Abejero","Navalexo",1000,"2020-07-18","NE",157.83333,14,28,0,28,"2",0.08870116156283,0.17740232312566,0.26610348468849,2020
"20","Abejero","Navalexo",1000,"2020-07-18","NO",161.66667,10,26,0,26,"2",0.0618556701030928,0.160824742268041,0.222680412371134,2020
"21","Abejero","Navalexo",1000,"2020-07-18","S",157.50000,16,7,0,7,"2",0.101587301587302,0.0444444444444444,0.146031746031746,2020
"22","Abejero","Pedragrande",0,"2020-07-20","Nido",153.83333,31,53,0,53,"2",0.201516793066089,0.344528710725893,0.546045503791982,2020
"23","Abejero","Pedragrande",500,"2020-07-20","N",154.33333,48,142,0,142,"2",0.311015118790497,0.920086393088555,1.23110151187905,2020
"24","Abejero","Pedragrande",500,"2020-07-20","NO",153.16667,66,67,0,67,"2",0.430903155603916,0.437431991294885,0.868335146898801,2020
"25","Abejero","Pedragrande",500,"2020-07-20","SE",155.25000,29,36,0,36,"2",0.186795491143317,0.231884057971014,0.418679549114332,2020
"26","Abejero","Pedragrande",1000,"2020-07-20","NE",155.75000,19,20,0,20,"2",0.12199036918138,0.128410914927769,0.250401284109149,2020
"27","Abejero","Pedragrande",1000,"2020-07-20","NO",152.66667,37,33,0,33,"2",0.24235807860262,0.216157205240175,0.458515283842795,2020
"28","Abejero","Pedragrande",1000,"2020-07-20","S",154.83333,32,52,0,52,"2",0.206673842841765,0.335844994617869,0.542518837459634,2020
"29","Abejero","Picon Bajo",0,"2020-07-23","Nido",154.41667,32,23,0,23,"2",0.207231516459795,0.148947652455478,0.356179168915273,2020
"30","Abejero","Picon Bajo",500,"2020-07-23","NE",154.41667,27,23,0,23,"2",0.174851592012952,0.148947652455478,0.32379924446843,2020
"31","Abejero","Picon Bajo",500,"2020-07-23","NO",154.63333,28,27,0,27,"2",0.181073507221384,0.174606596249192,0.355680103470575,2020
"32","Abejero","Picon Bajo",500,"2020-07-23","S",154.16667,62,16,8,24,"2",0.402162162162162,0.155675675675676,0.557837837837838,2020
"33","Abejero","Picon Bajo",1000,"2020-07-23","N",154.91667,60,12,0,12,"2",0.387305002689618,0.0774610005379236,0.464766003227541,2020
"34","Abejero","Picon Bajo",1000,"2020-07-23","SE",152.36667,75,17,1,18,"2",0.492233646904398,0.118136075257056,0.610369722161454,2020
"35","Abejero","Picon Bajo",1000,"2020-07-23","SO",152.83333,92,9,0,9,"2",0.601962922573611,0.058887677208288,0.660850599781899,2020
"36","Abejero","San Cosme",0,"2020-07-20","Nido",152.86667,19,21,0,21,"2",0.124291321412996,0.137374618403838,0.261665939816834,2020
"37","Abejero","San Cosme",500,"2020-07-20","NE",155.00000,71,47,0,47,"2",0.458064516129032,0.303225806451612,0.761290322580644,2020
"38","Abejero","San Cosme",500,"2020-07-20","NO",154.16667,30,11,0,11,"2",0.194594594594594,0.0713513513513513,0.265945945945946,2020
"39","Abejero","San Cosme",500,"2020-07-20","S",155.30000,33,36,0,36,"2",0.21249195106246,0.231809401159047,0.444301352221507,2020
"40","Abejero","San Cosme",1000,"2020-07-20","N",154.56667,14,8,0,8,"2",0.090575803321113,0.0517576018977788,0.142333405218892,2020
"41","Abejero","San Cosme",1000,"2020-07-20","SE",155.73333,49,41,1,42,"2",0.314640410958905,0.269691780821918,0.584332191780823,2020
"42","Abejero","San Cosme",1000,"2020-07-20","SO",153.68333,35,11,0,11,"2",0.227741025919097,0.0715757510031449,0.299316776922242,2020
"43","Abejero","A Grela",0,"2020-08-13","Nido",205.25000,25,18,0,18,"3",0.121802679658952,0.0876979293544457,0.209500609013398,2020
"44","Abejero","A Grela",500,"2020-08-13","N",205.50000,22,16,0,16,"3",0.10705596107056,0.0778588807785888,0.184914841849148,2020
"45","Abejero","A Grela",500,"2020-08-13","SE",206.08333,44,8,0,8,"3",0.213505863323898,0.0388192478770724,0.252325111200971,2020
"46","Abejero","A Grela",500,"2020-08-13","SO",205.00000,42,17,1,18,"3",0.204878048780488,0.0878048780487806,0.292682926829269,2020
"47","Abejero","A Grela",1000,"2020-08-13","NE",206.50000,91,6,3,9,"3",0.440677966101695,0.0435835351089589,0.484261501210654,2020
"48","Abejero","A Grela",1000,"2020-08-13","NO",210.08333,28,51,1,52,"3",0.133280444268147,0.247520825069417,0.380801269337564,2020
"49","Abejero","A Grela",1000,"2020-08-13","S",206.33333,51,16,0,16,"3",0.247172859450727,0.0775444264943457,0.324717285945072,2020
"50","Abejero","Matadero",0,"2020-08-13","Nido",204.08333,22,6,1,7,"3",0.107799101674153,0.0342997141690486,0.142098815843201,2020
"51","Abejero","Matadero",500,"2020-08-13","NO",203.75000,40,20,0,20,"3",0.196319018404908,0.0981595092024539,0.294478527607362,2020
"52","Abejero","Matadero",500,"2020-08-13","O",210.91667,67,5,2,7,"3",0.317661003555906,0.0331884630580798,0.350849466613986,2020
"53","Abejero","Matadero",500,"2020-08-13","SO",204.00000,18,20,0,20,"3",0.0882352941176471,0.0980392156862745,0.186274509803922,2020
"54","Abejero","Matadero",1000,"2020-08-13","E",204.41667,35,32,0,32,"3",0.171218915613534,0.156543008560946,0.32776192417448,2020
"55","Abejero","Matadero",1000,"2020-08-13","N",210.66667,19,25,0,25,"3",0.0901898734177216,0.118670886075949,0.208860759493671,2020
"56","Abejero","Matadero",1000,"2020-08-13","SE",204.66667,23,20,1,21,"3",0.112377850162867,0.102605863192182,0.214983713355049,2020
"57","Abejero","Navalexo",0,"2020-08-13","Nido",209.16667,56,38,0,38,"3",0.267729083665339,0.181673306772908,0.449402390438247,2020
"58","Abejero","Navalexo",500,"2020-08-13","N",209.33333,23,27,0,27,"3",0.109872611464968,0.128980891719745,0.238853503184713,2020
"59","Abejero","Navalexo",500,"2020-08-13","SE",208.91667,27,18,0,18,"3",0.129238133226964,0.086158755484643,0.215396888711607,2020
"60","Abejero","Navalexo",500,"2020-08-13","SO",209.58333,45,20,2,22,"3",0.214711729622266,0.104970178926441,0.319681908548708,2020
"61","Abejero","Navalexo",1000,"2020-08-13","NE",208.66667,23,7,0,7,"3",0.110223642172524,0.0335463258785942,0.143769968051118,2020
"62","Abejero","Navalexo",1000,"2020-08-13","NO",209.83333,23,17,1,18,"3",0.109610802223987,0.0857823669579032,0.195393169181891,2020
"63","Abejero","Navalexo",1000,"2020-08-13","S",206.75000,44,16,0,16,"3",0.212817412333736,0.0773881499395404,0.290205562273277,2020
"64","Abejero","Pedragrande",0,"2020-08-13","Nido",201.83333,11,12,0,12,"3",0.0545004128819157,0.0594549958711808,0.113955408753097,2020
"65","Abejero","Pedragrande",500,"2020-08-13","N",202.16667,89,35,1,36,"3",0.440230832646331,0.178070898598516,0.618301731244847,2020
"66","Abejero","Pedragrande",500,"2020-08-13","NO",201.33333,45,7,0,7,"3",0.223509933774835,0.0347682119205298,0.258278145695364,2020
"67","Abejero","Pedragrande",500,"2020-08-13","SE",202.91667,12,25,0,25,"3",0.0591375770020534,0.123203285420945,0.182340862422998,2020
"68","Abejero","Pedragrande",1000,"2020-08-13","NE",203.08333,12,39,0,39,"3",0.0590890439064424,0.192039392695938,0.25112843660238,2020
"69","Abejero","Pedragrande",1000,"2020-08-13","NO",200.75000,12,6,0,6,"3",0.0597758405977583,0.0298879202988792,0.0896637608966375,2020
"70","Abejero","Pedragrande",1000,"2020-08-13","S",192.00000,21,38,0,38,"3",0.109375,0.197916666666667,0.307291666666667,2020
"71","Abejero","Picon Bajo",0,"2020-08-14","Nido",202.50000,26,62,0,62,"3",0.128395061728395,0.306172839506173,0.434567901234568,2020
"72","Abejero","Picon Bajo",500,"2020-08-14","NE",202.50000,45,21,1,22,"3",0.222222222222222,0.108641975308642,0.330864197530864,2020
"73","Abejero","Picon Bajo",500,"2020-08-14","NO",201.63333,114,8,1,9,"3",0.5653827078856,0.0446354769383368,0.610018184823937,2020
"74","Abejero","Picon Bajo",500,"2020-08-14","S",202.10000,63,28,11,39,"3",0.311726867887185,0.192973775358734,0.504700643245919,2020
"75","Abejero","Picon Bajo",1000,"2020-08-14","N",201.78333,80,12,0,12,"3",0.396464855042537,0.0594697282563805,0.455934583298918,2020
"76","Abejero","Picon Bajo",1000,"2020-08-14","SE",203.11667,101,15,7,22,"3",0.49725116927874,0.108312135882498,0.605563305161238,2020
"77","Abejero","Picon Bajo",1000,"2020-08-14","SO",201.43333,34,34,0,34,"3",0.168790335925865,0.168790335925865,0.33758067185173,2020
"78","Abejero","San Cosme",0,"2020-08-13","Nido",203.30000,23,6,0,6,"3",0.113133300541072,0.029513034923758,0.14264633546483,2020
"79","Abejero","San Cosme",500,"2020-08-13","NE",202.00000,72,25,0,25,"3",0.356435643564357,0.123762376237624,0.480198019801981,2020
"80","Abejero","San Cosme",500,"2020-08-13","NO",201.50000,70,23,2,25,"3",0.347394540942928,0.124069478908188,0.471464019851116,2020
"81","Abejero","San Cosme",500,"2020-08-13","S",202.51667,37,6,0,6,"3",0.182701012262365,0.0296271911776809,0.212328203440046,2020
"82","Abejero","San Cosme",1000,"2020-08-13","N",201.83333,49,12,0,12,"3",0.242774566473988,0.0594549958711808,0.302229562345169,2020
"83","Abejero","San Cosme",1000,"2020-08-13","SE",202.91667,75,18,0,18,"3",0.369609856262834,0.08870636550308,0.458316221765914,2020
"84","Abejero","San Cosme",1000,"2020-08-13","SO",201.05000,104,10,0,10,"3",0.517284257647352,0.04973887092763,0.567023128574981,2020
"85","Abejero","Carballo",0,"2021-07-10","Nido",157.71667,36,13,0,13,"1",0.228257423650005,0.0824262918736129,0.310683715523618,2021
"86","Abejero","Carballo",500,"2021-07-10","S",157.43333,42,29,2,31,"1",0.266779589244124,0.196908744442092,0.463688333686216,2021
"87","Abejero","Carballo",500,"2021-07-10","SO",158.03333,39,6,0,6,"1",0.246783379033959,0.0379666736975322,0.284750052731492,2021
"88","Abejero","Carballo",1000,"2021-07-10","NO",158.43333,39,21,0,21,"1",0.246160319798022,0.132547864506627,0.37870818430465,2021
"89","Abejero","Carballo",1000,"2021-07-10","O",158.28333,63,13,0,13,"1",0.398020427503422,0.0821311993261029,0.480151626829525,2021
"90","Abejero","Carballo",1000,"2021-07-10","SE",157.15000,39,41,0,41,"1",0.248170537702831,0.260897231944002,0.509067769646833,2021
"91","Abejero","Carballo",1000,"2021-07-10","SO",158.81667,70,24,2,26,"1",0.440759785916676,0.163710777626194,0.604470563542869,2021
"92","Abejero","Embudo",0,"2021-07-10","Nido",160.25000,71,17,0,17,"1",0.443057722308892,0.106084243369735,0.549141965678626,2021
"93","Abejero","Embudo",500,"2021-07-10","E",159.75000,62,16,0,16,"1",0.38810641627543,0.100156494522692,0.488262910798122,2021
"94","Abejero","Embudo",500,"2021-07-10","O",160.75000,79,9,0,9,"1",0.49144634525661,0.0559875583203733,0.547433903576984,2021
"95","Abejero","Embudo",500,"2021-07-10","S",159.25000,101,3,0,3,"1",0.634222919937207,0.0188383045525903,0.653061224489797,2021
"96","Abejero","Embudo",1000,"2021-07-10","N",161.00000,135,14,0,14,"1",0.838509316770185,0.0869565217391303,0.925465838509315,2021
"97","Abejero","Embudo",1000,"2021-07-10","SE",158.83333,162,12,0,12,"1",1.0199370409234,0.075550891920252,1.09548793284365,2021
"98","Abejero","Embudo",1000,"2021-07-10","SO",159.50000,88,1,0,1,"1",0.551724137931034,0.00626959247648902,0.557993730407523,2021
"99","Abejero","Rio Truchas",0,"2021-07-10","Nido",160.25000,68,0,0,0,"1",0.424336973478939,0,0.424336973478939,2021
"100","Abejero","Rio Truchas",500,"2021-07-10","NE",159.75000,73,0,0,0,"1",0.456964006259781,0,0.456964006259781,2021
"101","Abejero","Rio Truchas",500,"2021-07-10","NO",160.75000,81,1,0,1,"1",0.50388802488336,0.00622083981337481,0.510108864696735,2021
"102","Abejero","Rio Truchas",500,"2021-07-10","S",159.25000,91,4,0,4,"1",0.571428571428572,0.0251177394034537,0.596546310832026,2021
"103","Abejero","Rio Truchas",1000,"2021-07-10","N",161.00000,51,34,0,34,"1",0.316770186335403,0.211180124223602,0.527950310559005,2021
"104","Abejero","Rio Truchas",1000,"2021-07-10","SE",158.83333,99,5,0,5,"1",0.623294858342079,0.031479538300105,0.654774396642184,2021
"105","Abejero","Rio Truchas",1000,"2021-07-10","SO",159.50000,77,9,0,9,"1",0.482758620689654,0.0564263322884012,0.539184952978056,2021
"106","Abejero","Tanoira",0,"2021-07-10","Nido",161.83333,40,48,1,49,"1",0.247167868177137,0.302780638516993,0.549948506694131,2021
"107","Abejero","Tanoira",500,"2021-07-10","O",162.08333,30,54,0,54,"1",0.185089974293059,0.333161953727506,0.518251928020565,2021
"108","Abejero","Tanoira",500,"2021-07-10","S",162.28333,58,63,0,63,"1",0.357399609736058,0.388209920920201,0.74560953065626,2021
"109","Abejero","Tanoira",1000,"2021-07-10","SO",162.53333,39,22,1,23,"1",0.239950779327318,0.141509433962264,0.381460213289582,2021
"110","Abejero","Tanoira",1000,"2021-07-10","E",162.90000,65,17,1,18,"1",0.39901780233272,0.110497237569061,0.509515039901781,2021
"111","Abejero","Tanoira",1000,"2021-07-10","NO",161.66667,43,31,2,33,"1",0.265979381443299,0.204123711340206,0.470103092783505,2021
"112","Abejero","Tanoira",1000,"2021-07-10","S",162.75000,26,20,0,20,"1",0.159754224270353,0.122887864823349,0.282642089093702,2021
"113","Azor","CavadaM",0,"2021-07-10","Nido",162.08333,86,13,0,13,"1",0.530591259640102,0.0802056555269922,0.610796915167095,2021
"114","Azor","CavadaM",500,"2021-07-10","NE",162.51667,73,25,0,25,"1",0.44918469900523,0.153830376371654,0.603015075376884,2021
"115","Azor","CavadaM",500,"2021-07-10","NO",163.25000,48,14,0,14,"1",0.294027565084226,0.0857580398162327,0.379785604900459,2021
"116","Azor","CavadaM",500,"2021-07-10","S",161.83333,47,8,0,8,"1",0.290422245108136,0.0494335736354275,0.339855818743564,2021
"117","Azor","CavadaM",1000,"2021-07-10","N",163.50000,52,9,0,9,"1",0.318042813455657,0.055045871559633,0.373088685015291,2021
"118","Azor","CavadaM",1000,"2021-07-10","SE",162.33333,51,12,0,12,"1",0.314168377823409,0.0739219712525668,0.388090349075976,2021
"119","Azor","CavadaM",1000,"2021-07-10","SO",161.41667,59,18,0,18,"1",0.365513680949922,0.1115126484254,0.477026329375322,2021
"120","Azor","CavadaS",0,"2021-07-10","Nido",155.96667,113,22,1,23,"1",0.724513784996795,0.147467407565719,0.871981192562514,2021
"121","Azor","CavadaS",500,"2021-07-10","N",156.66667,58,25,0,25,"1",0.370212765957447,0.159574468085107,0.529787234042554,2021
"122","Azor","CavadaS",500,"2021-07-10","SE",155.55000,39,54,0,54,"1",0.250723240115719,0.347155255544842,0.59787849566056,2021
"123","Azor","CavadaS",500,"2021-07-10","SO",156.30000,62,44,0,44,"1",0.396673064619323,0.281509916826616,0.678182981445938,2021
"124","Azor","CavadaS",1000,"2021-07-10","NE",156.45000,88,24,0,24,"1",0.562480025567273,0.153403643336529,0.715883668903802,2021
"125","Azor","CavadaS",1000,"2021-07-10","NO",156.80000,52,20,0,20,"1",0.331632653061225,0.127551020408163,0.459183673469388,2021
"126","Azor","CavadaS",1000,"2021-07-10","S",155.20000,66,28,0,28,"1",0.425257731958763,0.180412371134021,0.605670103092783,2021
"127","Azor","Nantes",0,"2021-07-10","Nido",164.16667,119,16,0,16,"1",0.724873096446701,0.0974619289340102,0.822335025380711,2021
"128","Azor","Nantes",500,"2021-07-10","NE",164.30000,31,25,0,25,"1",0.188679245283019,0.152160681679854,0.340839926962873,2021
"129","Azor","Nantes",500,"2021-07-10","NO",163.65000,27,34,0,34,"1",0.164986251145738,0.207760464405744,0.372746715551482,2021
"130","Azor","Nantes",500,"2021-07-10","S",164.00000,51,22,0,22,"1",0.310975609756097,0.134146341463414,0.445121951219512,2021
"131","Azor","Nantes",1000,"2021-07-10","N",163.43333,70,35,0,35,"1",0.428309198449928,0.214154599224964,0.642463797674892,2021
"132","Azor","Nantes",1000,"2021-07-10","SE",164.46667,76,12,0,12,"1",0.462099716254559,0.0729631130928252,0.535062829347385,2021
"133","Azor","Nantes",1000,"2021-07-10","SO",163.80000,55,36,0,36,"1",0.335775335775336,0.21978021978022,0.555555555555556,2021
"134","Azor","Pasarin",0,"2021-07-10","Nido",154.33333,69,16,0,16,"1",0.44708423326134,0.103671706263499,0.550755939524839,2021
"135","Azor","Pasarin",500,"2021-07-10","N",154.83333,42,8,0,8,"1",0.271259418729817,0.0516684607104414,0.322927879440259,2021
"136","Azor","Pasarin",500,"2021-07-10","NO",154.50000,67,15,0,15,"1",0.433656957928803,0.0970873786407767,0.530744336569579,2021
"137","Azor","Pasarin",500,"2021-07-10","SO",153.75000,33,11,0,11,"1",0.214634146341463,0.0715447154471545,0.286178861788618,2021
"138","Azor","Pasarin",1000,"2021-07-10","NE",155.08333,17,13,0,13,"1",0.109618484685653,0.0838259000537347,0.193444384739388,2021
"139","Azor","Pasarin",1000,"2021-07-10","NO",153.41667,40,16,0,16,"1",0.260727865290603,0.104291146116241,0.365019011406844,2021
"140","Azor","Pasarin",1000,"2021-07-10","S",154.00000,19,9,0,9,"1",0.123376623376624,0.0584415584415585,0.181818181818182,2021
"141","Abejero","Carballo",0,"2021-07-23","Nido",182.53333,78,16,1,17,"2",0.427319211102995,0.0931336742147553,0.52045288531775,2021
"142","Abejero","Carballo",500,"2021-07-23","NO",183.43333,92,14,3,17,"2",0.501544612029802,0.0926767217881157,0.594221333817918,2021
"143","Abejero","Carballo",500,"2021-07-23","S",182.35000,139,12,5,17,"2",0.762270359199342,0.0932273101179052,0.855497669317247,2021
"144","Abejero","Carballo",500,"2021-07-23","SO",182.76667,92,29,0,29,"2",0.503374065292723,0.158672259711837,0.66204632500456,2021
"145","Abejero","Carballo",1000,"2021-07-23","O",182.98333,96,15,1,16,"2",0.524637945168047,0.0874396575280079,0.612077602696055,2021
"146","Abejero","Carballo",1000,"2021-07-23","SE",182.06667,76,73,1,74,"2",0.417429512998902,0.40644452581472,0.823874038813622,2021
"147","Abejero","Carballo",1000,"2021-07-23","SO",183.65000,80,21,3,24,"2",0.435611216988837,0.130683365096651,0.566294582085488,2021
"148","Abejero","Embudo",0,"2021-07-23","Nido",182.05000,95,29,0,29,"2",0.52183466080747,0.159296896457017,0.681131557264487,2021
"149","Abejero","Embudo",500,"2021-07-23","E",181.48333,83,16,0,16,"2",0.457342272017632,0.0881623656901459,0.545504637707778,2021
"150","Abejero","Embudo",500,"2021-07-23","O",182.25000,73,15,1,16,"2",0.400548696844993,0.0877914951989026,0.488340192043896,2021
"151","Abejero","Embudo",500,"2021-07-23","S",181.30000,101,16,0,16,"2",0.557087699944842,0.0882515168229453,0.645339216767787,2021
"152","Abejero","Embudo",1000,"2021-07-23","N",182.55000,71,9,0,9,"2",0.388934538482608,0.0493015612161053,0.438236099698713,2021
"153","Abejero","Embudo",1000,"2021-07-23","SE",181.10000,156,8,1,9,"2",0.861402540033132,0.0496963003865269,0.911098840419659,2021
"154","Abejero","Embudo",1000,"2021-07-23","SO",181.71667,111,4,0,4,"2",0.610841052921213,0.022012290195359,0.632853343116572,2021
"155","Abejero","Rio Truchas",0,"2021-07-23","Nido",179.60000,67,10,2,12,"2",0.373051224944321,0.0668151447661471,0.439866369710468,2021
"156","Abejero","Rio Truchas",500,"2021-07-23","NE",179.40000,68,8,0,8,"2",0.379041248606466,0.044593088071349,0.423634336677815,2021
"157","Abejero","Rio Truchas",500,"2021-07-23","NO",179.98333,71,15,0,15,"2",0.394480970460227,0.0833410500972311,0.477822020557458,2021
"158","Abejero","Rio Truchas",500,"2021-07-23","S",180.18333,106,16,0,16,"2",0.588289704930164,0.0887984460271945,0.677088150957358,2021
"159","Abejero","Rio Truchas",1000,"2021-07-23","N",179.00000,125,31,0,31,"2",0.698324022346368,0.173184357541899,0.871508379888267,2021
"160","Abejero","Rio Truchas",1000,"2021-07-23","SE",180.68333,114,4,0,4,"2",0.630938105340835,0.0221381791347661,0.653076284475601,2021
"161","Abejero","Rio Truchas",1000,"2021-07-23","SO",180.38333,146,16,0,16,"2",0.809387415688811,0.0886999907604177,0.898087406449229,2021
"162","Abejero","Tanoira",0,"2021-07-23","Nido",184.40000,61,42,0,42,"2",0.330802603036876,0.227765726681128,0.558568329718004,2021
"163","Abejero","Tanoira",500,"2021-07-23","NE",184.11667,56,51,2,53,"2",0.30415497420114,0.287860957726079,0.59201593192722,2021
"164","Abejero","Tanoira",500,"2021-07-23","O",185.96667,67,44,1,45,"2",0.360279620003585,0.241978849256139,0.602258469259725,2021
"165","Abejero","Tanoira",500,"2021-07-23","S",186.18333,53,46,1,47,"2",0.284665652134992,0.252439351893295,0.537105004028287,2021
"166","Abejero","Tanoira",1000,"2021-07-23","E",186.53333,76,48,0,48,"2",0.407433881343818,0.257326661901358,0.664760543245176,2021
"167","Abejero","Tanoira",1000,"2021-07-23","NO",184.53333,72,64,10,74,"2",0.390173410404624,0.401011560693641,0.791184971098265,2021
"168","Abejero","Tanoira",1000,"2021-07-23","S",186.33333,61,20,1,21,"2",0.32737030411449,0.112701252236136,0.440071556350626,2021
"169","Azor","CavadaM",0,"2021-07-23","Nido",184.53333,110,21,2,23,"2",0.596098265895953,0.124638728323699,0.720736994219652,2021
"170","Azor","CavadaM",500,"2021-07-23","NE",184.06667,115,11,0,11,"2",0.62477363274176,0.0597609561752988,0.684534588917058,2021
"171","Azor","CavadaM",500,"2021-07-23","NO",183.83333,61,11,0,11,"2",0.331822302810517,0.0598368087035358,0.391659111514052,2021
"172","Azor","CavadaM",500,"2021-07-23","S",184.68333,90,12,1,13,"2",0.487320638931504,0.0703907589567728,0.557711397888277,2021
"173","Azor","CavadaM",1000,"2021-07-23","N",183.61667,116,8,0,8,"2",0.631750930380322,0.0435690296814015,0.675319960061723,2021
"174","Azor","CavadaM",1000,"2021-07-23","SE",184.40000,74,11,0,11,"2",0.401301518438178,0.0596529284164859,0.460954446854664,2021
"175","Azor","CavadaM",1000,"2021-07-23","SO",183.40000,72,28,2,30,"2",0.392584514721919,0.163576881134133,0.556161395856051,2021
"176","Azor","CavadaS",0,"2021-07-23","Nido",180.33333,152,65,2,67,"2",0.842883548983364,0.371534195933457,1.21441774491682,2021
"177","Azor","CavadaS",500,"2021-07-23","N",181.10000,139,35,0,35,"2",0.767531750414137,0.193263390392049,0.960795140806186,2021
"178","Azor","CavadaS",500,"2021-07-23","SE",180.11667,96,31,1,32,"2",0.532987878227076,0.177662626075692,0.710650504302768,2021
"179","Azor","CavadaS",500,"2021-07-23","SO",180.48333,87,57,5,62,"2",0.482038969433928,0.343522024194294,0.825560993628221,2021
"180","Azor","CavadaS",1000,"2021-07-23","NE",180.80000,94,9,0,9,"2",0.519911504424779,0.0497787610619469,0.569690265486726,2021
"181","Azor","CavadaS",1000,"2021-07-23","NO",181.25000,58,25,0,25,"2",0.32,0.137931034482758,0.457931034482758,2021
"182","Azor","CavadaS",1000,"2021-07-23","S",179.91667,52,2,1,3,"2",0.28902269569245,0.0166743862899491,0.3056970819824,2021
"183","Azor","Nantes",0,"2021-07-23","Nido",187.85000,130,36,0,36,"2",0.692041522491351,0.191642267766836,0.883683790258186,2021
"184","Azor","Nantes",500,"2021-07-23","NE",188.00000,85,38,3,41,"2",0.452127659574468,0.218085106382978,0.670212765957446,2021
"185","Azor","Nantes",500,"2021-07-23","NO",187.35000,64,33,2,35,"2",0.341606618628236,0.186816119562316,0.528422738190552,2021
"186","Azor","Nantes",500,"2021-07-23","S",187.70000,78,20,0,20,"2",0.415556739477891,0.106553010122536,0.522109749600427,2021
"187","Azor","Nantes",1000,"2021-07-23","N",187.15000,100,94,0,94,"2",0.534330750734704,0.502270905690622,1.03660165642533,2021
"188","Azor","Nantes",1000,"2021-07-23","SE",188.20000,86,17,0,17,"2",0.456960680127524,0.0903294367693942,0.547290116896918,2021
"189","Azor","Nantes",1000,"2021-07-23","SO",187.55000,61,17,0,17,"2",0.325246600906425,0.0906424953345775,0.415889096241003,2021
"190","Azor","Pasarin",0,"2021-07-23","Nido",178.00000,87,50,0,50,"2",0.488764044943821,0.280898876404495,0.769662921348316,2021
"191","Azor","Pasarin",500,"2021-07-23","N",178.41667,44,18,0,18,"2",0.246613731900981,0.100887435777674,0.347501167678655,2021
"192","Azor","Pasarin",500,"2021-07-23","NO",178.15000,76,53,1,54,"2",0.426606792029188,0.303115352231265,0.729722144260453,2021
"193","Azor","Pasarin",500,"2021-07-23","SO",177.65000,42,26,1,27,"2",0.236419926822403,0.151984238671545,0.388404165493949,2021
"194","Azor","Pasarin",1000,"2021-07-23","NE",178.63333,48,37,4,41,"2",0.268706848292592,0.229520432916589,0.498227281209181,2021
"195","Azor","Pasarin",1000,"2021-07-23","NO",177.45000,53,42,6,48,"2",0.298675683291067,0.270498732037193,0.569174415328261,2021
"196","Azor","Pasarin",1000,"2021-07-23","S",177.80000,18,30,3,33,"2",0.101237345331834,0.185601799775028,0.286839145106862,2021
"197","Abejero","Carballo",0,"2021-08-06","Nido",180.08333,87,11,1,12,"3",0.483109671448403,0.0666358167515039,0.549745488199907,2021
"198","Abejero","Carballo",500,"2021-08-06","NO",180.66667,45,0,0,0,"3",0.249077490774908,0,0.249077490774908,2021
"199","Abejero","Carballo",500,"2021-08-06","S",179.91667,111,16,1,17,"3",0.616952292728115,0.094488188976378,0.711440481704493,2021
"200","Abejero","Carballo",500,"2021-08-06","SO",180.25000,78,14,3,17,"3",0.432732316227462,0.0943134535367546,0.527045769764217,2021
"201","Abejero","Carballo",1000,"2021-08-06","O",180.50000,73,9,0,9,"3",0.404432132963988,0.0498614958448753,0.454293628808864,2021
"202","Abejero","Carballo",1000,"2021-08-06","SE",179.75000,50,36,0,36,"3",0.278164116828929,0.200278164116829,0.478442280945757,2021
"203","Abejero","Carballo",1000,"2021-08-06","SO",181.60000,75,10,3,13,"3",0.412995594713657,0.0715859030837005,0.484581497797357,2021
"204","Abejero","Embudo",0,"2021-08-06","Nido",182.93333,80,9,0,9,"3",0.437317784256559,0.0491982507288629,0.486516034985422,2021
"205","Abejero","Embudo",500,"2021-08-06","E",182.41667,87,0,0,0,"3",0.476930105070808,0,0.476930105070808,2021
"206","Abejero","Embudo",500,"2021-08-06","O",183.35000,56,3,0,3,"3",0.305426779383693,0.016362148895555,0.321788928279248,2021
"207","Abejero","Embudo",500,"2021-08-06","S",182.55000,82,1,0,1,"3",0.449192002191181,0.00547795124623392,0.454669953437415,2021
"208","Abejero","Embudo",1000,"2021-08-06","N",183.55000,88,5,0,5,"3",0.479433396894579,0.0272405339144647,0.506673930809043,2021
"209","Abejero","Embudo",1000,"2021-08-06","SE",181.86667,130,2,0,2,"3",0.714809384164222,0.0109970674486803,0.725806451612903,2021
"210","Abejero","Embudo",1000,"2021-08-06","SO",182.73333,44,0,0,0,"3",0.240788033564393,0,0.240788033564393,2021
"211","Abejero","Rio Truchas",0,"2021-08-06","Nido",179.91667,54,2,1,3,"3",0.300138953219083,0.0166743862899491,0.316813339509032,2021
"212","Abejero","Rio Truchas",500,"2021-08-06","NE",179.75000,40,1,0,1,"3",0.222531293463143,0.00556328233657857,0.228094575799722,2021
"213","Abejero","Rio Truchas",500,"2021-08-06","NO",180.28333,91,9,0,9,"3",0.504761024313581,0.0499214199870574,0.554682444300638,2021
"214","Abejero","Rio Truchas",500,"2021-08-06","S",180.46667,54,9,0,9,"3",0.299224233468785,0.0498707055781308,0.349094939046915,2021
"215","Abejero","Rio Truchas",1000,"2021-08-06","N",179.46667,70,2,0,2,"3",0.390044576523031,0.0111441307578009,0.401188707280832,2021
"216","Abejero","Rio Truchas",1000,"2021-08-06","SE",180.81667,44,1,0,1,"3",0.24334040003687,0.00553046363720159,0.248870863674072,2021
"217","Abejero","Rio Truchas",1000,"2021-08-06","SO",180.65000,82,2,0,2,"3",0.453916412953224,0.0110711320232494,0.464987544976474,2021
"218","Abejero","Tanoira",0,"2021-08-06","Nido",182.50000,73,26,1,27,"3",0.400000000000001,0.147945205479452,0.547945205479453,2021
"219","Abejero","Tanoira",500,"2021-08-06","NE",182.23333,59,17,1,18,"3",0.323760746295957,0.0987744649716479,0.422535211267605,2021
"220","Abejero","Tanoira",500,"2021-08-06","O",182.91667,60,8,0,8,"3",0.328018223234624,0.0437357630979499,0.371753986332574,2021
"221","Abejero","Tanoira",500,"2021-08-06","S",183.08333,49,17,1,18,"3",0.267637687756031,0.0983158852981337,0.365953573054164,2021
"222","Abejero","Tanoira",1000,"2021-08-06","E",183.50000,51,8,0,8,"3",0.277929155313351,0.0435967302452316,0.321525885558583,2021
"223","Abejero","Tanoira",1000,"2021-08-06","NO",182.75000,82,27,6,33,"3",0.448700410396716,0.180574555403557,0.629274965800273,2021
"224","Abejero","Tanoira",1000,"2021-08-06","S",183.41667,84,9,2,11,"3",0.457973648341663,0.0599727396637892,0.517946388005452,2021
"225","Azor","CavadaM",0,"2021-08-06","Nido",184.48333,100,5,3,8,"3",0.542054386123407,0.0433643508898726,0.58541873701328,2021
"226","Azor","CavadaM",500,"2021-08-06","NE",184.23333,47,8,0,8,"3",0.25511127193776,0.0434231952234486,0.298534467161209,2021
"227","Azor","CavadaM",500,"2021-08-06","NO",184.08333,52,6,1,7,"3",0.282480760525125,0.038026256224536,0.320507016749661,2021
"228","Azor","CavadaM",500,"2021-08-06","S",184.63333,83,9,0,9,"3",0.449539628091713,0.0487452608774147,0.498284888969128,2021
"229","Azor","CavadaM",1000,"2021-08-06","N",183.91667,45,0,0,0,"3",0.244676030811055,0,0.244676030811055,2021
"230","Azor","CavadaM",1000,"2021-08-06","SE",184.35000,16,3,1,4,"3",0.086791429346352,0.021697857336588,0.10848928668294,2021
"231","Azor","CavadaM",1000,"2021-08-06","SO",183.70000,49,8,0,8,"3",0.266739248775177,0.0435492651061513,0.310288513881328,2021
"232","Azor","CavadaS",0,"2021-08-06","Nido",178.60000,83,14,0,14,"3",0.464725643896977,0.078387458006719,0.543113101903696,2021
"233","Azor","CavadaS",500,"2021-08-06","N",179.33333,82,17,0,17,"3",0.45724907063197,0.0947955390334572,0.552044609665427,2021
"234","Azor","CavadaS",500,"2021-08-06","SE",178.33333,62,7,2,9,"3",0.34766355140187,0.0504672897196263,0.398130841121496,2021
"235","Azor","CavadaS",500,"2021-08-06","SO",178.80000,53,31,1,32,"3",0.296420581655481,0.178970917225951,0.475391498881433,2021
"236","Azor","CavadaS",1000,"2021-08-06","NE",179.08333,78,3,0,3,"3",0.435551419264775,0.0167519776640298,0.452303396928805,2021
"237","Azor","CavadaS",1000,"2021-08-06","NO",179.50000,70,6,0,6,"3",0.389972144846797,0.0334261838440112,0.423398328690808,2021
"238","Azor","CavadaS",1000,"2021-08-06","S",178.16667,79,10,1,11,"3",0.443405051449953,0.0617399438727783,0.505144995322731,2021
"239","Azor","Nantes",0,"2021-08-06","Nido",185.00000,81,20,0,20,"3",0.437837837837837,0.108108108108108,0.545945945945945,2021
"240","Azor","Nantes",500,"2021-08-06","NE",185.66667,62,22,6,28,"3",0.333931777378815,0.1508078994614,0.484739676840215,2021
"241","Azor","Nantes",500,"2021-08-06","NO",184.50000,50,44,4,48,"3",0.2710027100271,0.260162601626016,0.531165311653117,2021
"242","Azor","Nantes",500,"2021-08-06","S",184.83333,87,21,0,21,"3",0.470694319206493,0.113615870153291,0.584310189359784,2021
"243","Azor","Nantes",1000,"2021-08-06","N",184.25000,80,50,2,52,"3",0.434192672998643,0.282225237449118,0.71641791044776,2021
"244","Azor","Nantes",1000,"2021-08-06","SE",185.41667,69,4,0,4,"3",0.372134831460674,0.0215730337078651,0.393707865168539,2021
"245","Azor","Nantes",1000,"2021-08-06","SO",184.75000,88,13,0,13,"3",0.476319350473614,0.0703653585926929,0.546684709066307,2021
"246","Azor","Pasarin",0,"2021-08-06","Nido",178.30000,80,8,0,8,"3",0.448681996634885,0.0448681996634885,0.493550196298373,2021
"247","Azor","Pasarin",500,"2021-08-06","N",178.73333,44,7,0,7,"3",0.246176799701604,0.0391644908616188,0.285341290563223,2021
"248","Azor","Pasarin",500,"2021-08-06","NO",178.46667,68,10,0,10,"3",0.3810235338065,0.056032872618603,0.437056406425103,2021
"249","Azor","Pasarin",500,"2021-08-06","SO",178.00000,56,10,3,13,"3",0.314606741573034,0.0730337078651686,0.387640449438203,2021
"250","Azor","Pasarin",1000,"2021-08-06","NE",178.93333,26,8,0,8,"3",0.145305514157973,0.0447093889716841,0.190014903129657,2021
"251","Azor","Pasarin",1000,"2021-08-06","NO",177.75000,43,15,2,17,"3",0.241912798874824,0.0956399437412096,0.337552742616034,2021
"252","Azor","Pasarin",1000,"2021-08-06","S",178.10000,13,11,0,11,"3",0.0729927007299271,0.0617630544637845,0.134755755193712,2021
"253","Abejero","Carballo",0,"2021-08-20","Nido",187.41667,85,4,0,4,"4",0.453534904401957,0.0213428190306803,0.474877723432637,2021
"254","Abejero","Carballo",500,"2021-08-20","NO",187.00000,84,5,0,5,"4",0.449197860962567,0.0267379679144385,0.475935828877006,2021
"255","Abejero","Carballo",500,"2021-08-20","S",187.91667,83,6,0,6,"4",0.441685144124168,0.0319290465631929,0.473614190687361,2021
"256","Abejero","Carballo",500,"2021-08-20","SO",187.33333,99,8,1,9,"4",0.528469750889681,0.0480427046263346,0.576512455516015,2021
"257","Abejero","Carballo",1000,"2021-08-20","O",187.16667,90,6,0,6,"4",0.480854853072128,0.0320569902048085,0.512911843276937,2021
"258","Abejero","Carballo",1000,"2021-08-20","SE",187.75000,63,16,0,16,"4",0.33555259653795,0.0852197070572571,0.420772303595207,2021
"259","Abejero","Carballo",1000,"2021-08-20","SO",186.83333,92,5,1,6,"4",0.492417484388938,0.032114183764496,0.524531668153434,2021
"260","Abejero","Embudo",0,"2021-08-20","Nido",181.35000,101,2,0,2,"4",0.556934105321202,0.0110283981251723,0.567962503446374,2021
"261","Abejero","Embudo",500,"2021-08-20","E",180.83333,89,4,0,4,"4",0.492165898617511,0.0221198156682027,0.514285714285714,2021
"262","Abejero","Embudo",500,"2021-08-20","O",181.75000,41,0,0,0,"4",0.225584594222834,0,0.225584594222834,2021
"263","Abejero","Embudo",500,"2021-08-20","S",181.00000,72,4,0,4,"4",0.397790055248619,0.0220994475138122,0.419889502762431,2021
"264","Abejero","Embudo",1000,"2021-08-20","N",181.91667,80,1,0,1,"4",0.439761795693999,0.00549702244617499,0.445258818140174,2021
"265","Abejero","Embudo",1000,"2021-08-20","SE",180.70000,145,2,1,3,"4",0.802434975096845,0.0166021029330382,0.819037078029884,2021
"266","Abejero","Embudo",1000,"2021-08-20","SO",180.15000,73,0,0,0,"4",0.405217873993894,0,0.405217873993894,2021
"267","Abejero","Rio Truchas",0,"2021-08-20","Nido",179.50000,29,0,0,0,"4",0.161559888579387,0,0.161559888579387,2021
"268","Abejero","Rio Truchas",500,"2021-08-20","NE",179.25000,61,0,0,0,"4",0.340306834030683,0,0.340306834030683,2021
"269","Abejero","Rio Truchas",500,"2021-08-20","NO",179.80000,47,0,0,0,"4",0.261401557285873,0,0.261401557285873,2021
"270","Abejero","Rio Truchas",500,"2021-08-20","S",179.98333,38,3,0,3,"4",0.211130660246319,0.0166682100194462,0.227798870265765,2021
"271","Abejero","Rio Truchas",1000,"2021-08-20","N",179.11667,58,5,0,5,"4",0.323811296175677,0.0279147669116963,0.351726063087373,2021
"272","Abejero","Rio Truchas",1000,"2021-08-20","SE",180.36667,56,0,0,0,"4",0.310478654592497,0,0.310478654592497,2021
"273","Abejero","Rio Truchas",1000,"2021-08-20","SO",180.20000,93,1,0,1,"4",0.516093229744729,0.00554938956714762,0.521642619311876,2021
"274","Abejero","Tanoira",0,"2021-08-20","Nido",186.06667,55,20,1,21,"4",0.295592977427446,0.11286277319957,0.408455750627016,2021
"275","Abejero","Tanoira",500,"2021-08-20","NE",186.48333,51,18,1,19,"4",0.273482884976316,0.101885780677451,0.375368665653768,2021
"276","Abejero","Tanoira",500,"2021-08-20","O",185.75000,46,2,0,2,"4",0.24764468371467,0.0107671601615074,0.258411843876177,2021
"277","Abejero","Tanoira",500,"2021-08-20","S",185.66667,41,10,1,11,"4",0.220825852782765,0.059245960502693,0.280071813285458,2021
"278","Abejero","Tanoira",1000,"2021-08-20","E",185.33333,61,3,0,3,"4",0.329136690647482,0.0161870503597122,0.345323741007194,2021
"279","Abejero","Tanoira",1000,"2021-08-20","NO",185.91667,84,18,2,20,"4",0.451815329448678,0.107575078440161,0.55939040788884,2021
"280","Abejero","Tanoira",1000,"2021-08-20","S",185.48333,63,7,1,8,"4",0.339653158414952,0.0431305597987241,0.382783718213676,2021
"281","Azor","CavadaM",0,"2021-08-20","Nido",184.26667,84,1,0,1,"4",0.455861070911722,0.00542691751085384,0.461287988422576,2021
"282","Azor","CavadaM",500,"2021-08-20","NE",184.00000,42,4,0,4,"4",0.228260869565218,0.0217391304347826,0.25,2021
"283","Azor","CavadaM",500,"2021-08-20","NO",183.86667,37,1,0,1,"4",0.20123277737491,0.0054387237128354,0.206671501087745,2021
"284","Azor","CavadaM",500,"2021-08-20","S",184.40000,55,0,1,1,"4",0.298264642082429,0.00542299349240781,0.303687635574837,2021
"285","Azor","CavadaM",1000,"2021-08-20","N",183.70000,39,1,0,1,"4",0.212302667392488,0.00544365813826892,0.217746325530757,2021
"286","Azor","CavadaM",1000,"2021-08-20","SE",184.13333,14,0,0,0,"4",0.0760318609703114,0,0.0760318609703114,2021
"287","Azor","CavadaM",1000,"2021-08-20","SO",183.48333,41,1,0,1,"4",0.223453538014352,0.00545008629303298,0.228903624307385,2021
"288","Azor","CavadaS",0,"2021-08-20","Nido",179.83333,95,33,1,34,"4",0.528266913809083,0.189063948100093,0.717330861909176,2021
"289","Azor","CavadaS",500,"2021-08-20","N",180.33333,43,11,0,11,"4",0.238447319778189,0.0609981515711645,0.299445471349353,2021
"290","Azor","CavadaS",500,"2021-08-20","SE",179.66667,50,5,0,5,"4",0.278293135435992,0.0278293135435992,0.306122448979592,2021
"291","Azor","CavadaS",500,"2021-08-20","SO",180.00000,55,13,1,14,"4",0.305555555555556,0.0777777777777778,0.383333333333333,2021
"292","Azor","CavadaS",1000,"2021-08-20","NE",180.16667,76,1,0,1,"4",0.421831637372802,0.00555041628122108,0.427382053654023,2021
"293","Azor","CavadaS",1000,"2021-08-20","NO",180.50000,46,2,0,2,"4",0.254847645429363,0.0110803324099723,0.265927977839335,2021
"294","Azor","CavadaS",1000,"2021-08-20","S",179.33333,37,9,2,11,"4",0.20631970260223,0.0613382899628252,0.267657992565056,2021
"295","Azor","Nantes",0,"2021-08-20","Nido",184.08333,95,13,1,14,"4",0.516070620190132,0.076052512449072,0.592123132639203,2021
"296","Azor","Nantes",500,"2021-08-20","NE",183.91667,113,13,2,15,"4",0.614408699592206,0.0815586769370184,0.695967376529224,2021
"297","Azor","Nantes",500,"2021-08-20","NO",184.75000,37,26,5,31,"4",0.200270635994588,0.167794316644114,0.368064952638701,2021
"298","Azor","Nantes",500,"2021-08-20","S",184.33333,87,8,1,9,"4",0.471971066907777,0.0488245931283907,0.520795660036167,2021
"299","Azor","Nantes",1000,"2021-08-20","N",183.75000,66,58,3,61,"4",0.359183673469388,0.331972789115646,0.691156462585034,2021
"300","Azor","Nantes",1000,"2021-08-20","SE",183.41667,81,4,1,5,"4",0.441617446615175,0.0272603362108133,0.468877782825988,2021
"301","Azor","Nantes",1000,"2021-08-20","SO",184.50000,44,17,0,17,"4",0.238482384823848,0.0921409214092141,0.330623306233062,2021
"302","Azor","Pasarin",0,"2021-08-20","Nido",178.06667,69,3,0,3,"4",0.387495320104829,0.0168476226132534,0.404342942718083,2021
"303","Azor","Pasarin",500,"2021-08-20","N",178.45000,34,4,0,4,"4",0.190529560100869,0.0224152423648081,0.212944802465677,2021
"304","Azor","Pasarin",500,"2021-08-20","NO",178.20000,36,3,0,3,"4",0.202020202020202,0.0168350168350168,0.218855218855219,2021
"305","Azor","Pasarin",500,"2021-08-20","SO",177.76667,69,6,1,7,"4",0.388149259328709,0.0393774610913183,0.427526720420027,2021
"306","Azor","Pasarin",1000,"2021-08-20","NE",178.63333,30,2,0,2,"4",0.16794178018287,0.011196118678858,0.179137898861728,2021
"307","Azor","Pasarin",1000,"2021-08-20","NO",177.56667,34,5,0,5,"4",0.191477379388023,0.0281584381452975,0.219635817533321,2021
"308","Azor","Pasarin",1000,"2021-08-20","S",177.88333,13,2,0,2,"4",0.0730816077953715,0.011243324276211,0.0843249320715825,2021
"309","Abejero","Seixo",1000,"2022-07-16","O",177.66667,94,52,39,91,"1",0.529080675422139,0.51219512195122,1.04127579737336,2022
"310","Abejero","Seixo",1000,"2022-07-16","SO",176.83333,54,53,2,55,"1",0.305372290292178,0.311027332704996,0.616399622997174,2022
"311","Abejero","Seixo",1000,"2022-07-16","SE",178.33333,123,148,3,151,"1",0.689719626168225,0.846728971962618,1.53644859813084,2022
"312","Abejero","Seixo",500,"2022-07-16","SO",177.41667,54,32,2,34,"1",0.304368248003758,0.191639267261625,0.496007515265383,2022
"313","Abejero","Seixo",500,"2022-07-16","NO",178.00000,87,70,4,74,"1",0.488764044943821,0.415730337078652,0.904494382022473,2022
"314","Abejero","Seixo",500,"2022-07-16","E",178.16667,75,52,2,54,"1",0.420954162768943,0.303086997193639,0.724041159962582,2022
"315","Abejero","Seixo",0,"2022-07-16","Nido",177.08333,83,20,1,21,"1",0.468705882352941,0.118588235294118,0.587294117647058,2022
"316","Abejero","Campano",0,"2022-07-16","Nido",178.66667,46,46,0,46,"1",0.257462686567164,0.257462686567164,0.514925373134328,2022
"317","Abejero","Campano",500,"2022-07-16","NO",179.18333,57,14,0,14,"1",0.318109943261091,0.0781322667658821,0.396242210026974,2022
"318","Abejero","Campano",500,"2022-07-16","NE",178.83333,126,43,12,55,"1",0.704566635601119,0.307548928238584,1.0121155638397,2022
"319","Abejero","Campano",500,"2022-07-16","S",178.08333,97,137,0,137,"1",0.544688816097333,0.769302760879738,1.31399157697707,2022
"320","Abejero","Campano",1000,"2022-07-16","N",179.01667,48,14,0,14,"1",0.26813145889582,0.0782050088446141,0.346336467740434,2022
"321","Abejero","Campano",1000,"2022-07-16","E",177.83333,76,114,1,115,"1",0.427366447985004,0.646672914714151,1.07403936269916,2022
"322","Abejero","Campano",1000,"2022-07-16","SO",178.31667,71,59,3,62,"1",0.398168053089074,0.347696046359473,0.745864099448547,2022
"323","Abejero","OCoroto",0,"2022-07-16","Nido",182.91667,51,2,0,2,"1",0.278815489749431,0.0109339407744875,0.289749430523918,2022
"324","Abejero","OCoroto",500,"2022-07-16","E",182.55000,36,1,0,1,"1",0.197206244864421,0.00547795124623392,0.202684196110655,2022
"325","Abejero","OCoroto",500,"2022-07-16","SO",183.16667,30,6,0,6,"1",0.16378525932666,0.0327570518653321,0.196542311191992,2022
"326","Abejero","OCoroto",500,"2022-07-16","NO",183.40000,85,9,0,9,"1",0.463467829880043,0.0490730643402398,0.512540894220283,2022
"327","Abejero","OCoroto",1000,"2022-07-16","O",183.53333,83,24,5,29,"1",0.4522339266255,0.158009444242645,0.610243370868145,2022
"328","Abejero","OCoroto",1000,"2022-07-16","S",182.38333,45,7,4,11,"1",0.246733071369825,0.0603125285570684,0.307045599926894,2022
"329","Abejero","OCoroto",1000,"2022-07-16","NE",182.71667,82,9,1,10,"1",0.448782267627474,0.0547295448326188,0.503511812460093,2022
"330","Abejero","Buezas",0,"2022-07-16","Nido",182.68333,39,19,0,19,"1",0.213484171152267,0.104005109022899,0.317489280175167,2022
"331","Abejero","Buezas",500,"2022-07-16","NO",182.51667,80,0,0,0,"1",0.438316135512738,0,0.438316135512738,2022
"332","Abejero","Buezas",500,"2022-07-17","E",159.18333,111,0,0,0,"1",0.697309182284577,0,0.697309182284577,2022
"333","Abejero","Buezas",500,"2022-07-18","S",135.01667,59,0,0,0,"1",0.436983088507592,0,0.436983088507592,2022
"334","Abejero","Buezas",1000,"2022-07-19","SE",111.40000,71,46,0,46,"1",0.637342908438059,0.412926391382405,1.05026929982046,2022
"335","Abejero","Buezas",1000,"2022-07-20","SO", 87.61667,63,96,0,96,"1",0.719041278295607,1.09568194787902,1.81472322617463,2022
"336","Abejero","Buezas",1000,"2022-07-21","N", 62.40000,76,55,0,55,"1",1.21794871794872,0.881410256410258,2.09935897435898,2022
"337","Azor","castro",0,"2022-07-16","Nido",184.90000,78,28,0,28,"1",0.421849648458626,0.151433207138994,0.573282855597619,2022
"338","Azor","castro",500,"2022-07-16","E",184.70000,34,28,0,28,"1",0.18408229561451,0.151597184623714,0.335679480238224,2022
"339","Azor","castro",500,"2022-07-16","NO",184.25000,54,41,2,43,"1",0.293080054274084,0.23337856173677,0.526458616010854,2022
"340","Azor","castro",500,"2022-07-16","S",185.06667,22,14,0,14,"1",0.118876080691643,0.0756484149855908,0.194524495677233,2022
"341","Azor","castro",1000,"2022-07-16","SO",184.11667,37,32,0,32,"1",0.200959536525753,0.173802842400652,0.374762378926405,2022
"342","Azor","castro",1000,"2022-07-16","SE",185.26667,64,26,1,27,"1",0.345448002878734,0.145735876214466,0.4911838790932,2022
"343","Azor","castro",1000,"2022-07-16","N",184.43333,41,22,3,25,"1",0.222302548346286,0.135550334357491,0.357852882703777,2022
"344","Azor","Borrateiros",0,"2022-07-16","Nido",177.33333,80,7,0,7,"1",0.451127819548872,0.0394736842105263,0.490601503759399,2022
"345","Azor","Borrateiros",500,"2022-07-16","NO",179.23333,139,3,0,3,"1",0.775525385902919,0.0167379579691277,0.792263343872047,2022
"346","Azor","Borrateiros",500,"2022-07-16","S",179.83333,48,0,0,0,"1",0.266913809082484,0,0.266913809082484,2022
"347","Azor","Borrateiros",500,"2022-07-16","NE",179.61667,44,0,0,0,"1",0.244966131576505,0,0.244966131576505,2022
"348","Azor","Borrateiros",1000,"2022-07-16","SO",178.80000,106,0,0,0,"1",0.592841163310963,0,0.592841163310963,2022
"349","Azor","Borrateiros",1000,"2022-07-16","N",179.43333,87,0,0,0,"1",0.484859743637377,0,0.484859743637377,2022
"350","Azor","Borrateiros",1000,"2022-07-16","SE",180.08333,36,17,3,20,"1",0.199907450254512,0.11105969458584,0.310967144840351,2022
"351","Azor","Carregal",0,"2022-07-16","Nido",181.01667,78,35,1,36,"1",0.430899548844489,0.198876714851303,0.629776263695792,2022
"352","Azor","Carregal",500,"2022-07-16","N",182.06667,148,32,0,32,"1",0.81288905162944,0.175759794946906,0.988648846576346,2022
"353","Azor","Carregal",500,"2022-07-16","SO",180.88333,136,50,2,52,"1",0.751865843545563,0.287478116649774,1.03934396019534,2022
"354","Azor","Carregal",500,"2022-07-16","E",181.20000,130,119,4,123,"1",0.717439293598233,0.678807947019867,1.3962472406181,2022
"355","Azor","Carregal",1000,"2022-07-16","O",180.73333,140,40,1,41,"1",0.774621910734045,0.226853559572113,1.00147547030616,2022
"356","Azor","Carregal",1000,"2022-07-16","NE",181.35000,150,15,0,15,"1",0.827129859387923,0.0827129859387923,0.909842845326716,2022
"357","Azor","Carregal",1000,"2022-07-16","S",180.55000,82,20,0,20,"1",0.454167820548324,0.110772639158128,0.564940459706452,2022
"358","Azor","Zacande",0,"2022-07-16","Nido",229.38333,154,8,1,9,"1",0.671365254668313,0.03923563176633,0.710600886434643,2022
"359","Azor","Zacande",500,"2022-07-16","SE",180.30000,150,68,0,68,"1",0.831946755407655,0.377149195784804,1.20909595119246,2022
"360","Azor","Zacande",500,"2022-07-16","N",180.01667,90,32,0,32,"1",0.499953707990002,0.177761318396445,0.677715026386447,2022
"361","Azor","Zacande",500,"2022-07-16","SO",229.75000,79,6,0,6,"1",0.343852013057672,0.0261153427638738,0.369967355821546,2022
"362","Azor","Zacande",1000,"2022-07-16","NE",179.90000,123,108,0,108,"1",0.683713173985547,0.600333518621456,1.284046692607,2022
"363","Azor","Zacande",1000,"2022-07-16","NO",181.11667,73,36,2,38,"1",0.403055121008558,0.209809515045551,0.612864636054108,2022
"364","Azor","Zacande",1000,"2022-07-16","S",180.68333,90,59,0,59,"1",0.498109030532238,0.3265381422378,0.824647172770038,2022
"365","Abejero","Seixo",0,"2022-07-30","Nido",154.61667,82,0,0,0,"2",0.530343861162015,0,0.530343861162015,2022
"366","Abejero","Seixo",500,"2022-07-30","NO",155.28333,102,0,0,0,"2",0.656863797359664,0,0.656863797359664,2022
"367","Abejero","Seixo",500,"2022-07-30","E",155.51667,51,8,1,9,"2",0.327939127639052,0.0578716107598327,0.385810738398885,2022
"368","Abejero","Seixo",500,"2022-07-30","SO",154.90000,33,13,0,13,"2",0.213040671400903,0.0839251129761135,0.296965784377017,2022
"369","Abejero","Seixo",1000,"2022-07-30","SO",154.56667,69,19,0,19,"2",0.446409316368342,0.122924304507225,0.569333620875567,2022
"370","Abejero","Seixo",1000,"2022-07-30","SE",155.66667,82,8,1,9,"2",0.526766595289079,0.0578158458244111,0.58458244111349,2022
"371","Abejero","Seixo",1000,"2022-07-30","O",155.10000,22,2,0,2,"2",0.141843971631206,0.0128949065119278,0.154738878143133,2022
"372","Abejero","Campano",0,"2022-07-30","Nido",156.66667,24,13,0,13,"2",0.153191489361702,0.0829787234042554,0.236170212765958,2022
"373","Abejero","Campano",500,"2022-07-30","NO",157.33333,41,4,0,4,"2",0.260593220338984,0.0254237288135594,0.286016949152543,2022
"374","Abejero","Campano",500,"2022-07-30","NE",156.91667,45,11,0,11,"2",0.286776420605416,0.0701009028146573,0.356877323420074,2022
"375","Abejero","Campano",500,"2022-07-30","S",156.16667,38,21,0,21,"2",0.243329775880469,0.134471718249733,0.377801494130202,2022
"376","Abejero","Campano",1000,"2022-07-30","SO",155.83333,51,7,0,7,"2",0.327272727272728,0.0449197860962568,0.372192513368985,2022
"377","Abejero","Campano",1000,"2022-07-30","E",156.41667,41,50,0,50,"2",0.262120404901438,0.319659030367608,0.581779435269046,2022
"378","Abejero","Campano",1000,"2022-07-30","N",157.08333,21,3,0,3,"2",0.13368700265252,0.0190981432360743,0.152785145888594,2022
"379","Abejero","OCoroto",0,"2022-07-30","Nido",160.01667,55,3,0,3,"2",0.343714196437871,0.0187480470784293,0.3624622435163,2022
"380","Abejero","OCoroto",500,"2022-07-30","E",159.75000,46,8,0,8,"2",0.287949921752739,0.0500782472613459,0.338028169014085,2022
"381","Abejero","OCoroto",500,"2022-07-30","SO",160.28333,57,5,1,6,"2",0.355620255797027,0.0374337111365291,0.393053966933556,2022
"382","Abejero","OCoroto",500,"2022-07-30","NO",160.48333,87,4,0,4,"2",0.542112368885657,0.0249247066154325,0.56703707550109,2022
"383","Abejero","OCoroto",1000,"2022-07-30","O",160.58333,102,25,4,29,"2",0.635184224182667,0.180591593149974,0.815775817332641,2022
"384","Abejero","OCoroto",1000,"2022-07-30","S",159.60000,60,10,2,12,"2",0.37593984962406,0.075187969924812,0.451127819548872,2022
"385","Abejero","OCoroto",1000,"2022-07-30","NE",159.88333,50,2,0,2,"2",0.312728030855832,0.0125091212342333,0.325237152090065,2022
"386","Abejero","Buezas",0,"2022-07-30","Nido",161.00000,26,8,0,8,"2",0.161490683229813,0.0496894409937887,0.211180124223602,2022
"387","Abejero","Buezas",500,"2022-07-30","S",160.91667,33,3,0,3,"2",0.205075090626618,0.0186431900569653,0.223718280683584,2022
"388","Abejero","Buezas",500,"2022-07-30","E",160.50000,55,4,0,4,"2",0.342679127725857,0.0249221183800623,0.367601246105919,2022
"389","Abejero","Buezas",500,"2022-07-30","NO",161.25000,70,35,3,38,"2",0.434108527131783,0.235658914728682,0.669767441860465,2022
"390","Abejero","Buezas",1000,"2022-07-30","N",160.33333,38,12,1,13,"2",0.237006237006237,0.0810810810810812,0.318087318087319,2022
"391","Abejero","Buezas",1000,"2022-07-30","SO",161.41667,79,14,0,14,"2",0.489416623644811,0.0867320598864221,0.576148683531233,2022
"392","Abejero","Buezas",1000,"2022-07-30","SE",160.66667,35,6,0,6,"2",0.217842323651452,0.0373443983402489,0.255186721991701,2022
"393","Azor","castro",0,"2022-07-30","Nido",162.41667,62,17,0,17,"2",0.381734222678296,0.104669061056952,0.486403283735249,2022
"394","Azor","castro",500,"2022-07-30","E",162.16667,27,5,1,6,"2",0.166495375128468,0.0369989722507707,0.203494347379239,2022
"395","Azor","castro",500,"2022-07-30","NO",161.83333,25,8,0,8,"2",0.154479917610711,0.0494335736354275,0.203913491246138,2022
"396","Azor","castro",500,"2022-07-30","S",153.60000,45,7,0,7,"2",0.29296875,0.0455729166666666,0.338541666666666,2022
"397","Azor","castro",1000,"2022-07-30","SE",162.83333,22,7,0,7,"2",0.13510747185261,0.0429887410440122,0.178096212896622,2022
"398","Azor","castro",1000,"2022-07-30","SO",161.66667,8,8,0,8,"2",0.0494845360824742,0.0494845360824742,0.0989690721649484,2022
"399","Azor","castro",1000,"2022-07-30","N",161.91667,45,7,1,8,"2",0.277920741121977,0.0494081317550181,0.327328872876995,2022
"400","Azor","Borrateiros",0,"2022-07-30","Nido",155.25000,79,4,0,4,"2",0.508856682769726,0.0257648953301127,0.534621578099839,2022
"401","Azor","Borrateiros",500,"2022-07-30","NO",156.36667,112,4,0,4,"2",0.716265188659134,0.0255808995949691,0.741846088254103,2022
"402","Azor","Borrateiros",500,"2022-07-30","S",156.80000,60,6,0,6,"2",0.38265306122449,0.038265306122449,0.420918367346939,2022
"403","Azor","Borrateiros",500,"2022-07-30","NE",156.66667,40,7,0,7,"2",0.25531914893617,0.0446808510638298,0.3,2022
"404","Azor","Borrateiros",1000,"2022-07-30","SO",156.11667,46,1,0,1,"2",0.294651435891962,0.00640546599765134,0.301056901889613,2022
"405","Azor","Borrateiros",1000,"2022-07-30","N",156.53333,54,9,1,10,"2",0.344974446337309,0.0638841567291313,0.40885860306644,2022
"406","Azor","Borrateiros",1000,"2022-07-30","SE",157.03333,34,6,0,6,"2",0.216514540437274,0.0382084483124602,0.254722988749735,2022
"407","Azor","Carregal",0,"2022-07-30","Nido",158.28333,84,6,1,7,"2",0.530693903337896,0.0442244919448246,0.57491839528272,2022
"408","Azor","Carregal",500,"2022-07-30","N",159.31667,101,4,2,6,"2",0.633957526937964,0.0376608431844335,0.671618370122397,2022
"409","Azor","Carregal",500,"2022-07-30","SO",158.16667,46,7,1,8,"2",0.290832455216017,0.0505795574288725,0.34141201264489,2022
"410","Azor","Carregal",500,"2022-07-30","E",158.40000,71,13,2,15,"2",0.448232323232324,0.0946969696969698,0.542929292929293,2022
"411","Azor","Carregal",1000,"2022-07-30","O",158.03333,120,10,0,10,"2",0.759333473950645,0.063277789495887,0.822611263446532,2022
"412","Azor","Carregal",1000,"2022-07-30","NE",158.63333,92,0,0,0,"2",0.579953771800799,0,0.579953771800799,2022
"413","Azor","Carregal",1000,"2022-07-30","S",157.83333,28,0,1,1,"2",0.17740232312566,0.00633579725448786,0.183738120380148,2022
"414","Azor","Zacande",0,"2022-07-30","Nido",158.33333,106,2,0,2,"2",0.669473684210526,0.0126315789473684,0.682105263157894,2022
"415","Azor","Zacande",500,"2022-07-30","SO",159.16667,29,1,0,1,"2",0.182198952879581,0.00628272251308899,0.18848167539267,2022
"416","Azor","Zacande",500,"2022-07-30","SE",158.16667,75,9,0,9,"2",0.47418335089568,0.0569020021074816,0.531085353003162,2022
"417","Azor","Zacande",500,"2022-07-30","N",159.41667,26,6,1,7,"2",0.163094615786722,0.043910088865656,0.207004704652378,2022
"418","Azor","Zacande",1000,"2022-07-30","NO",159.25000,70,8,2,10,"2",0.43956043956044,0.0627943485086343,0.502354788069075,2022
"419","Azor","Zacande",1000,"2022-07-30","NE",159.58333,42,27,2,29,"2",0.263185378590079,0.181723237597912,0.44490861618799,2022
"420","Azor","Zacande",1000,"2022-07-30","S",158.00000,0,9,0,9,"2",0,0.0569620253164556,0.0569620253164556,2022
"421","Abejero","Seixo",0,"2022-08-12","Nido",178.58333,88,2,1,3,"3",0.492767148856742,0.0167988800746617,0.509566028931404,2022
"422","Abejero","Seixo",500,"2022-08-12","NO",179.26667,94,12,0,12,"3",0.524358497582745,0.0669393826701377,0.591297880252883,2022
"423","Abejero","Seixo",500,"2022-08-12","E",179.48333,93,7,1,8,"3",0.518153960442009,0.0445723836939363,0.562726344135946,2022
"424","Abejero","Seixo",500,"2022-08-12","SO",178.86667,39,13,1,14,"3",0.218039508013418,0.0782705926202012,0.296310100633619,2022
"425","Abejero","Seixo",1000,"2022-08-12","SO",178.30000,52,3,1,4,"3",0.291643297812675,0.0224340998317442,0.314077397644419,2022
"426","Abejero","Seixo",1000,"2022-08-12","SE",179.71667,107,8,0,8,"3",0.595381619215432,0.0445145135862005,0.639896132801632,2022
"427","Abejero","Seixo",1000,"2022-08-12","O",179.08333,58,6,2,8,"3",0.323871568171243,0.0446719404374128,0.368543508608656,2022
"428","Abejero","Pasaxe",0,"2022-08-13","Nido",160.78333,129,8,0,8,"3",0.802321965377838,0.0497564009536644,0.852078366331502,2022
"429","Abejero","Pasaxe",500,"2022-08-13","NE",161.78333,95,24,0,24,"3",0.58720510971464,0.148346554033172,0.735551663747812,2022
"430","Abejero","Pasaxe",500,"2022-08-13","SE",160.55000,111,7,0,7,"3",0.691373403924011,0.0436001245717845,0.734973528495796,2022
"431","Abejero","Pasaxe",500,"2022-08-13","NO",161.21667,108,7,0,7,"3",0.66990592370516,0.0434198283882974,0.713325752093457,2022
"432","Abejero","Pasaxe",1000,"2022-08-13","N",161.08333,59,15,0,15,"3",0.366270046559752,0.0931195033626489,0.459389549922401,2022
"433","Abejero","Pasaxe",1000,"2022-08-13","E",160.20000,104,6,5,11,"3",0.649188514357053,0.0686641697877652,0.717852684144818,2022
"434","Abejero","Pasaxe",1000,"2022-08-13","O",161.40000,33,13,1,14,"3",0.204460966542751,0.0867410161090459,0.291201982651797,2022
"435","Abejero","OCoroto",0,"2022-08-12","Nido",182.66667,95,2,0,2,"3",0.52007299270073,0.010948905109489,0.531021897810219,2022
"436","Abejero","OCoroto",500,"2022-08-12","E",182.28333,66,5,0,5,"3",0.362073694797476,0.0274298253634452,0.389503520160921,2022
"437","Abejero","OCoroto",500,"2022-08-12","SO",182.96667,160,2,1,3,"3",0.874476225177629,0.0163964292220805,0.890872654399709,2022
"438","Abejero","OCoroto",500,"2022-08-12","NO",183.16667,116,2,0,2,"3",0.633303002729753,0.010919017288444,0.644222020018197,2022
"439","Abejero","OCoroto",1000,"2022-08-12","O",183.26667,115,12,1,13,"3",0.627500909421607,0.0709348854128773,0.698435794834484,2022
"440","Abejero","OCoroto",1000,"2022-08-12","S",182.13333,121,6,3,9,"3",0.664348462664713,0.0494143484626646,0.713762811127378,2022
"441","Abejero","OCoroto",1000,"2022-08-12","NE",182.43333,82,0,0,0,"3",0.449479261830806,0,0.449479261830806,2022
"442","Abejero","Buezas",0,"2022-08-12","Nido",184.83333,58,8,0,8,"3",0.313796212804328,0.0432822362488729,0.357078449053201,2022
"443","Abejero","Buezas",500,"2022-08-12","NO",185.08333,149,43,0,43,"3",0.80504277352544,0.232327780279154,1.03737055380459,2022
"444","Abejero","Buezas",500,"2022-08-12","E",184.16667,92,2,0,2,"3",0.499547511312217,0.0108597285067873,0.510407239819004,2022
"445","Abejero","Buezas",500,"2022-08-12","S",176.40000,69,6,1,7,"3",0.391156462585034,0.0396825396825397,0.430839002267574,2022
"446","Abejero","Buezas",1000,"2022-08-12","N",183.75000,87,13,2,15,"3",0.473469387755102,0.0816326530612245,0.555102040816327,2022
"447","Abejero","Buezas",1000,"2022-08-12","SO",185.25000,104,35,1,36,"3",0.56140350877193,0.194331983805668,0.755735492577598,2022
"448","Abejero","Buezas",1000,"2022-08-12","SE",174.00000,76,10,0,10,"3",0.436781609195402,0.0574712643678161,0.494252873563218,2022
"449","Azor","castro",0,"2022-08-12","Nido",186.61667,99,17,2,19,"3",0.53049924086809,0.101812985621149,0.632312226489239,2022
"450","Azor","castro",500,"2022-08-12","E",186.40000,62,36,0,36,"3",0.332618025751072,0.1931330472103,0.525751072961372,2022
"451","Azor","castro",500,"2022-08-12","NO",185.83333,75,24,1,25,"3",0.403587443946189,0.134529147982063,0.538116591928252,2022
"452","Azor","castro",500,"2022-08-12","S",186.88333,NA,NA,NA,NA,"3",NA,NA,NA,2022
"453","Azor","castro",1000,"2022-08-12","SE",187.16667,85,11,0,11,"3",0.454140694568121,0.0587711487088156,0.512911843276937,2022
"454","Azor","castro",1000,"2022-08-12","SO",185.66667,83,14,1,15,"3",0.447037701974865,0.0807899461400359,0.527827648114901,2022
"455","Azor","castro",1000,"2022-08-12","N",186.05000,88,9,0,9,"3",0.472991131416286,0.0483740929857565,0.521365224402043,2022
"456","Azor","Borrateiros",0,"2022-08-12","Nido",180.16667,114,3,0,3,"3",0.632747456059203,0.0166512488436632,0.649398704902867,2022
"457","Azor","Borrateiros",500,"2022-08-12","NO",179.38333,214,0,0,0,"3",1.1929759360773,0,1.1929759360773,2022
"458","Azor","Borrateiros",500,"2022-08-12","S",180.58333,70,10,0,10,"3",0.387632671896632,0.0553760959852331,0.443008767881865,2022
"459","Azor","Borrateiros",500,"2022-08-12","NE",174.00000,88,5,0,5,"3",0.505747126436782,0.028735632183908,0.53448275862069,2022
"460","Azor","Borrateiros",1000,"2022-08-12","SO",178.91667,174,2,0,2,"3",0.972519795062878,0.0111783884489986,0.983698183511877,2022
"461","Azor","Borrateiros",1000,"2022-08-12","N",179.80000,111,5,0,5,"3",0.617352614015572,0.0278086763070078,0.64516129032258,2022
"462","Azor","Borrateiros",1000,"2022-08-12","SE",180.80000,49,5,4,9,"3",0.271017699115044,0.0497787610619469,0.320796460176991,2022
"463","Azor","Carregal",0,"2022-08-12","Nido",180.78333,78,7,NA,NA,"3",0.431455702037429,NA,NA,2022
"464","Azor","Carregal",500,"2022-08-12","N",181.81667,172,6,1,7,"3",0.946007883399027,0.0385003208360069,0.984508204235034,2022
"465","Azor","Carregal",500,"2022-08-12","SO",180.58333,111,14,2,16,"3",0.614674665436088,0.088601753576373,0.703276419012461,2022
"466","Azor","Carregal",500,"2022-08-12","E",180.91667,86,22,4,26,"3",0.47535697835099,0.143712574850299,0.619069553201289,2022
"467","Azor","Carregal",1000,"2022-08-12","O",180.45000,202,11,1,12,"3",1.11942366306456,0.0665004156275976,1.18592407869216,2022
"468","Azor","Carregal",1000,"2022-08-12","NE",181.08333,199,4,0,4,"3",1.09894155545329,0.0220892774965486,1.12103083294984,2022
"469","Azor","Carregal",1000,"2022-08-12","S",180.25000,93,6,0,6,"3",0.515950069348128,0.0332871012482663,0.549237170596395,2022
"470","Azor","Zacande",0,"2022-08-12","Nido",181.20000,104,3,0,3,"3",0.573951434878586,0.0165562913907285,0.590507726269315,2022
"471","Azor","Zacande",500,"2022-08-12","SO",182.08333,57,NA,0,NA,"3",0.31304347826087,NA,NA,2022
"472","Azor","Zacande",500,"2022-08-12","SE",181.63333,143,12,0,12,"3",0.787300422095797,0.0660671682877592,0.853367590383556,2022
"473","Azor","Zacande",500,"2022-08-12","N",182.41667,50,11,0,11,"3",0.274097761534947,0.0603015075376883,0.334399269072635,2022
"474","Azor","Zacande",1000,"2022-08-12","S",181.50000,71,2,0,2,"3",0.391184573002755,0.0110192837465565,0.402203856749311,2022
"475","Azor","Zacande",1000,"2022-08-12","NE",182.58333,73,23,0,23,"3",0.399817434961205,0.125969876768599,0.525787311729804,2022
"476","Azor","Zacande",1000,"2022-08-12","NO",182.25000,51,8,5,13,"3",0.279835390946502,0.0713305898491084,0.35116598079561,2022
"477","Abejero","Seixo",0,"2022-08-19","Nido",178.38333,70,3,0,3,"4",0.392413342053629,0.0168177146594412,0.40923105671307,2022
"478","Abejero","Seixo",500,"2022-08-19","NO",178.20000,72,9,1,10,"4",0.404040404040403,0.0561167227833894,0.460157126823793,2022
"479","Abejero","Seixo",500,"2022-08-19","E",178.51667,66,0,0,0,"4",0.36971337876949,0,0.36971337876949,2022
"480","Abejero","Seixo",500,"2022-08-19","SO",177.91667,41,16,4,20,"4",0.230444964871194,0.112412177985948,0.342857142857142,2022
"481","Abejero","Seixo",1000,"2022-08-19","SO",177.80000,57,12,1,13,"4",0.32058492688414,0.0731158605174353,0.393700787401575,2022
"482","Abejero","Seixo",1000,"2022-08-19","SE",178.65000,100,5,0,5,"4",0.559753708368318,0.0279876854184159,0.587741393786734,2022
"483","Abejero","Seixo",1000,"2022-08-19","O",178.06667,36,5,3,8,"4",0.202171471359041,0.0449269936353425,0.247098464994384,2022
"484","Abejero","Pasaxe",0,"2022-08-19","Nido",182.00000,79,8,1,9,"4",0.434065934065934,0.0494505494505494,0.483516483516483,2022
"485","Abejero","Pasaxe",500,"2022-08-19","NE",183.20000,64,30,0,30,"4",0.349344978165939,0.163755458515284,0.513100436681223,2022
"486","Abejero","Pasaxe",500,"2022-08-19","SE",181.85000,73,4,0,4,"4",0.401429749793787,0.0219961506736322,0.423425900467419,2022
"487","Abejero","Pasaxe",500,"2022-08-19","NO",182.98333,25,3,0,3,"4",0.136624464887512,0.0163949357865015,0.153019400674014,2022
"488","Abejero","Pasaxe",1000,"2022-08-19","N",182.16667,57,7,1,8,"4",0.312900274473925,0.0439158279963404,0.356816102470266,2022
"489","Abejero","Pasaxe",1000,"2022-08-19","E",181.73333,54,1,1,2,"4",0.297138664710198,0.0110051357300073,0.308143800440205,2022
"490","Abejero","Pasaxe",1000,"2022-08-19","O",183.06667,39,10,1,11,"4",0.213037144938092,0.0600873998543337,0.273124544792426,2022
"491","Abejero","OCoroto",0,"2022-08-19","Nido",180.41667,56,2,0,2,"4",0.310392609699769,0.0110854503464203,0.321478060046189,2022
"492","Abejero","OCoroto",500,"2022-08-19","E",180.16667,49,3,0,3,"4",0.271970397779833,0.0166512488436632,0.288621646623496,2022
"493","Abejero","OCoroto",500,"2022-08-19","SO",180.63333,133,2,0,2,"4",0.736298210001844,0.0110721535338623,0.747370363535706,2022
"494","Abejero","OCoroto",500,"2022-08-19","NO",180.80000,92,0,0,0,"4",0.508849557522124,0,0.508849557522124,2022
"495","Abejero","OCoroto",1000,"2022-08-19","O",180.88333,98,5,0,5,"4",0.54178568137842,0.0276421266009398,0.56942780797936,2022
"496","Abejero","OCoroto",1000,"2022-08-19","S",180.03333,60,5,1,6,"4",0.333271616367339,0.0333271616367339,0.366598778004073,2022
"497","Abejero","OCoroto",1000,"2022-08-19","NE",180.26667,48,0,0,0,"4",0.266272189349112,0,0.266272189349112,2022
"498","Abejero","Buezas",0,"2022-08-19","Nido",183.01667,40,6,0,6,"4",0.218559329751389,0.0327838994627084,0.251343229214097,2022
"499","Abejero","Buezas",500,"2022-08-19","E",182.61667,66,2,0,2,"4",0.361412795473213,0.0109519028931277,0.372364698366341,2022
"500","Abejero","Buezas",500,"2022-08-19","S",182.90000,52,2,0,2,"4",0.2843083652269,0.0109349371241115,0.295243302351011,2022
"501","Abejero","Buezas",500,"2022-08-19","NO",183.11667,54,8,2,10,"4",0.294893965595705,0.0546099936288342,0.349503959224539,2022
"502","Abejero","Buezas",1000,"2022-08-19","SE",182.78333,42,10,0,10,"4",0.229780249840431,0.0547095832953406,0.284489833135771,2022
"503","Abejero","Buezas",1000,"2022-08-19","SO",183.25000,79,17,2,19,"4",0.431105047748977,0.103683492496589,0.534788540245567,2022
"504","Abejero","Buezas",1000,"2022-08-19","N",181.86667,33,4,0,4,"4",0.181451612903226,0.0219941348973607,0.203445747800586,2022
"505","Azor","castro",0,"2022-08-19","Nido",183.93333,83,24,0,24,"4",0.451250453062704,0.130482058716926,0.58173251177963,2022
"506","Azor","castro",500,"2022-08-19","E",183.80000,17,8,0,8,"4",0.0924918389553863,0.043525571273123,0.136017410228509,2022
"507","Azor","castro",500,"2022-08-19","NO",183.53333,46,11,1,12,"4",0.250635670177988,0.0653832183073012,0.316018888485289,2022
"508","Azor","castro",500,"2022-08-19","S",184.08333,34,38,0,38,"4",0.184698958804889,0.206428248076053,0.391127206880942,2022
"509","Azor","castro",1000,"2022-08-19","SE",184.16667,34,8,0,8,"4",0.184615384615385,0.0434389140271493,0.228054298642534,2022
"510","Azor","castro",1000,"2022-08-19","SO",183.45000,45,16,2,18,"4",0.245298446443172,0.0981193785772689,0.343417825020441,2022
"511","Azor","castro",1000,"2022-08-19","N",177.12000,52,5,0,5,"4",0.293586269196025,0.0282294489611563,0.321815718157182,2022
"512","Azor","Borrateiros",0,"2022-08-19","Nido",179.00000,99,0,1,1,"4",0.553072625698323,0.00558659217877094,0.558659217877094,2022
"513","Azor","Borrateiros",500,"2022-08-19","NO",178.66667,193,2,0,2,"4",1.08022388059701,0.0111940298507462,1.09141791044776,2022
"514","Azor","Borrateiros",500,"2022-08-19","S",179.18333,79,2,0,2,"4",0.440889219607478,0.011161752395126,0.452050972002604,2022
"515","Azor","Borrateiros",500,"2022-08-19","NE",179.10000,84,3,0,3,"4",0.469011725293132,0.016750418760469,0.485762144053601,2022
"516","Azor","Borrateiros",1000,"2022-08-19","SO",178.33333,96,3,0,3,"4",0.538317757009347,0.0168224299065421,0.555140186915889,2022
"517","Azor","Borrateiros",1000,"2022-08-19","N",178.83333,113,4,0,4,"4",0.631873252562908,0.0223671947809879,0.654240447343896,2022
"518","Azor","Borrateiros",1000,"2022-08-19","SE",179.31667,46,4,1,5,"4",0.256529417232085,0.0278836323078353,0.284413049539921,2022
"519","Azor","Carregal",0,"2022-08-19","Nido",179.43333,80,5,1,6,"4",0.445848040126323,0.0334386030094743,0.479286643135798,2022
"520","Azor","Carregal",500,"2022-08-19","N",179.80000,170,3,0,3,"4",0.945494994438264,0.0166852057842047,0.962180200222468,2022
"521","Azor","Carregal",500,"2022-08-19","SO",179.35000,124,7,5,12,"4",0.691385558962922,0.0669082798996376,0.75829383886256,2022
"522","Azor","Carregal",500,"2022-08-19","E",179.51667,62,12,1,13,"4",0.345371831770494,0.0724166744034908,0.417788506173985,2022
"523","Azor","Carregal",1000,"2022-08-19","O",179.23333,133,4,0,4,"4",0.742049469964663,0.0223172772921703,0.764366747256834,2022
"524","Azor","Carregal",1000,"2022-08-19","NE",179.60000,146,0,0,0,"4",0.81291759465479,0,0.81291759465479,2022
"525","Azor","Carregal",1000,"2022-08-19","S",179.11667,41,1,0,1,"4",0.22890108867591,0.00558295338233926,0.234484042058249,2022
"526","Azor","Zacande",0,"2022-08-19","Nido",180.05000,63,3,0,3,"4",0.349902804776451,0.0166620383226881,0.366564843099139,2022
"527","Azor","Zacande",500,"2022-08-19","SE",179.96667,76,6,0,6,"4",0.422300426004816,0.0333395073161697,0.455639933320986,2022
"528","Azor","Zacande",500,"2022-08-19","SO",180.28333,35,2,0,2,"4",0.194138855505223,0.0110936488860128,0.205232504391236,2022
"529","Azor","Zacande",500,"2022-08-19","N",181.35000,36,5,0,5,"4",0.198511166253102,0.0275709953129308,0.226082161566032,2022
"530","Azor","Zacande",1000,"2022-08-19","S",179.83333,71,4,0,4,"4",0.394810009267841,0.0222428174235404,0.417052826691382,2022
"531","Azor","Zacande",1000,"2022-08-19","NE",181.45000,57,14,0,14,"4",0.31413612565445,0.0771562413888123,0.391292367043263,2022
"532","Azor","Zacande",1000,"2022-08-19","NO",180.36667,20,4,0,4,"4",0.110885233783034,0.0221770467566069,0.133062280539641,2022
